证券简称,ts_code,trade_date,close,pe_ttm,ps_ttm,dv_ttm,total_share,total_mv
凌霄泵业,002884.SZ,20230307,16.18,12.3009,3.2529,6.1805,35768.2509,578730.2996
凌霄泵业,002884.SZ,20230306,16.59,12.6126,3.3354,6.0277,35768.2509,593395.2824
凌霄泵业,002884.SZ,20230303,16.63,12.643,3.3434,6.0132,35768.2509,594826.0125
凌霄泵业,002884.SZ,20230302,16.92,12.8635,3.4017,5.9102,35768.2509,605198.8052
凌霄泵业,002884.SZ,20230301,16.96,12.8939,3.4097,5.8962,35768.2509,606629.5353
凌霄泵业,002884.SZ,20230228,16.85,12.8103,3.3876,5.9347,35768.2509,602695.0277
凌霄泵业,002884.SZ,20230227,16.87,12.8255,3.3916,5.9277,35768.2509,603410.3927
凌霄泵业,002884.SZ,20230224,17.16,13.046,3.45,5.8275,35768.2509,613783.1854
凌霄泵业,002884.SZ,20230223,17.43,13.2512,3.5042,5.7372,35768.2509,623440.6132
凌霄泵业,002884.SZ,20230222,17.6,13.3805,3.5384,5.6818,35768.2509,629521.2158
凌霄泵业,002884.SZ,20230221,17.54,13.3349,3.5264,5.7013,35768.2509,627375.1208
凌霄泵业,002884.SZ,20230220,17.5,13.3045,3.5183,5.7143,35768.2509,625944.3908
凌霄泵业,002884.SZ,20230217,17.29,13.1448,3.4761,5.7837,35768.2509,618433.0581
凌霄泵业,002884.SZ,20230216,17.47,13.2816,3.5123,5.7241,35768.2509,624871.3432
凌霄泵业,002884.SZ,20230215,17.69,13.4489,3.5565,5.6529,35768.2509,632740.3584
凌霄泵业,002884.SZ,20230214,17.77,13.5097,3.5726,5.6275,35768.2509,635601.8185
凌霄泵业,002884.SZ,20230213,17.74,13.4869,3.5666,5.637,35768.2509,634528.771
凌霄泵业,002884.SZ,20230210,17.4,13.2284,3.4982,5.7471,35768.2509,622367.5657
凌霄泵业,002884.SZ,20230209,17.41,13.236,3.5002,5.7438,35768.2509,622725.2482
凌霄泵业,002884.SZ,20230208,17.36,13.198,3.4902,5.7604,35768.2509,620936.8356
凌霄泵业,002884.SZ,20230207,17.3,13.1524,3.4781,5.7803,35768.2509,618790.7406
凌霄泵业,002884.SZ,20230206,17.19,13.0688,3.456,5.8173,35768.2509,614856.233
凌霄泵业,002884.SZ,20230203,17.28,13.1372,3.4741,5.787,35768.2509,618075.3756
凌霄泵业,002884.SZ,20230202,17.4,13.2284,3.4982,5.7471,35768.2509,622367.5657
凌霄泵业,002884.SZ,20230201,17.22,13.0916,3.462,5.8072,35768.2509,615929.2805
凌霄泵业,002884.SZ,20230131,17.18,13.0612,3.454,5.8207,35768.2509,614498.5505
凌霄泵业,002884.SZ,20230130,17.09,12.9927,3.4359,5.8514,35768.2509,611279.4079
凌霄泵业,002884.SZ,20230120,16.79,12.7647,3.3756,5.9559,35768.2509,600548.9326
凌霄泵业,002884.SZ,20230119,16.77,12.7495,3.3715,5.963,35768.2509,599833.5676
凌霄泵业,002884.SZ,20230118,16.73,12.7191,3.3635,5.9773,35768.2509,598402.8376
凌霄泵业,002884.SZ,20230117,16.76,12.7419,3.3695,5.9666,35768.2509,599475.8851
凌霄泵业,002884.SZ,20230116,16.62,12.6354,3.3414,6.0168,35768.2509,594468.33
凌霄泵业,002884.SZ,20230113,16.51,12.5518,3.3193,6.0569,35768.2509,590533.8224
凌霄泵业,002884.SZ,20230112,16.5,12.5442,3.3173,6.0606,35768.2509,590176.1399
凌霄泵业,002884.SZ,20230111,16.34,12.4226,3.2851,6.12,35768.2509,584453.2197
凌霄泵业,002884.SZ,20230110,16.63,12.643,3.3434,6.0132,35768.2509,594826.0125
凌霄泵业,002884.SZ,20230109,16.59,12.6126,3.3354,6.0277,35768.2509,593395.2824
凌霄泵业,002884.SZ,20230106,16.52,12.5594,3.3213,6.0533,35768.2509,590891.5049
凌霄泵业,002884.SZ,20230105,16.64,12.6506,3.3454,6.0096,35768.2509,595183.695
凌霄泵业,002884.SZ,20230104,16.67,12.6734,3.3514,5.9988,35768.2509,596256.7425
凌霄泵业,002884.SZ,20230103,16.54,12.5746,3.3253,6.0459,35768.2509,591606.8699
凌霄泵业,002884.SZ,20221230,16.61,12.6278,3.3394,6.0205,35768.2509,594110.6474
凌霄泵业,002884.SZ,20221229,16.34,12.4226,3.2851,6.12,35768.2509,584453.2197
凌霄泵业,002884.SZ,20221228,16.3,12.3921,3.2771,6.135,35768.2509,583022.4897
凌霄泵业,002884.SZ,20221227,16.19,12.3085,3.2549,6.1767,35768.2509,579087.9821
凌霄泵业,002884.SZ,20221226,15.94,12.1185,3.2047,6.2735,35768.2509,570145.9193
凌霄泵业,002884.SZ,20221223,15.57,11.8372,3.1303,6.4226,35768.2509,556911.6665
凌霄泵业,002884.SZ,20221222,15.5,11.7839,3.1162,6.4516,35768.2509,554407.889
凌霄泵业,002884.SZ,20221221,15.76,11.9816,3.1685,6.3452,35768.2509,563707.6342
凌霄泵业,002884.SZ,20221220,15.88,12.0728,3.1926,6.2972,35768.2509,567999.8243
凌霄泵业,002884.SZ,20221219,16.13,12.2629,3.2429,6.1996,35768.2509,576941.887
凌霄泵业,002884.SZ,20221216,16.71,12.7039,3.3595,5.9844,35768.2509,597687.4725
凌霄泵业,002884.SZ,20221215,16.7,12.6963,3.3575,5.988,35768.2509,597329.79
凌霄泵业,002884.SZ,20221214,16.62,12.6354,3.3414,6.0168,35768.2509,594468.33
凌霄泵业,002884.SZ,20221213,16.69,12.6886,3.3555,5.9916,35768.2509,596972.1075
凌霄泵业,002884.SZ,20221212,16.98,12.9091,3.4138,5.8893,35768.2509,607344.9003
凌霄泵业,002884.SZ,20221209,16.88,12.8331,3.3937,5.9242,35768.2509,603768.0752
凌霄泵业,002884.SZ,20221208,16.91,12.8559,3.3997,5.9137,35768.2509,604841.1227
凌霄泵业,002884.SZ,20221207,16.84,12.8027,3.3856,5.9382,35768.2509,602337.3452
凌霄泵业,002884.SZ,20221206,16.59,12.6126,3.3354,6.0277,35768.2509,593395.2824
凌霄泵业,002884.SZ,20221205,16.7,12.6963,3.3575,5.988,35768.2509,597329.79
凌霄泵业,002884.SZ,20221202,16.38,12.453,3.2931,6.105,35768.2509,585883.9497
凌霄泵业,002884.SZ,20221201,16.43,12.491,3.3032,6.0864,35768.2509,587672.3623
凌霄泵业,002884.SZ,20221130,16.31,12.3998,3.2791,6.1312,35768.2509,583380.1722
凌霄泵业,002884.SZ,20221129,16.39,12.4606,3.2951,6.1013,35768.2509,586241.6323
凌霄泵业,002884.SZ,20221128,16.19,12.3085,3.2549,6.1767,35768.2509,579087.9821
凌霄泵业,002884.SZ,20221125,16.24,12.3465,3.265,6.1576,35768.2509,580876.3946
凌霄泵业,002884.SZ,20221124,16.31,12.3998,3.2791,6.1312,35768.2509,583380.1722
凌霄泵业,002884.SZ,20221123,16.22,12.3313,3.261,6.1652,35768.2509,580161.0296
凌霄泵业,002884.SZ,20221122,16.46,12.5138,3.3092,6.0753,35768.2509,588745.4098
凌霄泵业,002884.SZ,20221121,16.43,12.491,3.3032,6.0864,35768.2509,587672.3623
凌霄泵业,002884.SZ,20221118,16.44,12.4986,3.3052,6.0827,35768.2509,588030.0448
凌霄泵业,002884.SZ,20221117,16.38,12.453,3.2931,6.105,35768.2509,585883.9497
凌霄泵业,002884.SZ,20221116,16.24,12.3465,3.265,6.1576,35768.2509,580876.3946
凌霄泵业,002884.SZ,20221115,16.28,12.3769,3.273,6.1425,35768.2509,582307.1247
凌霄泵业,002884.SZ,20221114,15.73,11.9588,3.1625,6.3573,35768.2509,562634.5867
凌霄泵业,002884.SZ,20221111,15.43,11.7307,3.1021,6.4809,35768.2509,551904.1114
凌霄泵业,002884.SZ,20221110,15.45,11.7459,3.1062,6.4725,35768.2509,552619.4764
凌霄泵业,002884.SZ,20221109,15.64,11.8904,3.1444,6.3939,35768.2509,559415.4441
凌霄泵业,002884.SZ,20221108,15.56,11.8296,3.1283,6.4267,35768.2509,556553.984
凌霄泵业,002884.SZ,20221107,15.73,11.9588,3.1625,6.3573,35768.2509,562634.5867
凌霄泵业,002884.SZ,20221104,15.45,11.7459,3.1062,6.4725,35768.2509,552619.4764
凌霄泵业,002884.SZ,20221103,15.1,11.4798,3.0358,6.6225,35768.2509,540100.5886
凌霄泵业,002884.SZ,20221102,15.49,11.7763,3.1142,6.4558,35768.2509,554050.2064
凌霄泵业,002884.SZ,20221101,15.25,11.5939,3.066,6.5574,35768.2509,545465.8262
凌霄泵业,002884.SZ,20221031,15.02,11.419,3.0197,6.6578,35768.2509,537239.1285
凌霄泵业,002884.SZ,20221028,15.39,10.8172,2.7472,6.4977,35768.2509,550473.3814
凌霄泵业,002884.SZ,20221027,16.12,11.3303,2.8776,6.2035,35768.2509,576584.2045
凌霄泵业,002884.SZ,20221026,16.12,11.3303,2.8776,6.2035,35768.2509,576584.2045
凌霄泵业,002884.SZ,20221025,16.04,11.2741,2.8633,6.2344,35768.2509,573722.7444
凌霄泵业,002884.SZ,20221024,15.8,11.1054,2.8204,6.3291,35768.2509,565138.3642
凌霄泵业,002884.SZ,20221021,16.16,11.3585,2.8847,6.1881,35768.2509,578014.9345
凌霄泵业,002884.SZ,20221020,16.5,11.5974,2.9454,6.0606,35768.2509,590176.1399
凌霄泵业,002884.SZ,20221019,16.58,11.6537,2.9597,6.0314,35768.2509,593037.5999
凌霄泵业,002884.SZ,20221018,17.18,12.0754,3.0668,5.8207,35768.2509,614498.5505
凌霄泵业,002884.SZ,20221017,16.95,11.9137,3.0257,5.8997,35768.2509,606271.8528
凌霄泵业,002884.SZ,20221014,16.95,11.9137,3.0257,5.8997,35768.2509,606271.8528
凌霄泵业,002884.SZ,20221013,16.52,11.6115,2.949,6.0533,35768.2509,590891.5049
凌霄泵业,002884.SZ,20221012,16.8,11.8083,2.9989,5.9524,35768.2509,600906.6151
凌霄泵业,002884.SZ,20221011,17.38,12.216,3.1025,5.7537,35768.2509,621652.2006
凌霄泵业,002884.SZ,20221010,18.69,13.1367,3.3363,5.3505,35768.2509,668508.6093
凌霄泵业,002884.SZ,20220930,20.08,14.1137,3.5845,4.9801,35768.2509,718226.4781
凌霄泵业,002884.SZ,20220929,18.25,12.8275,3.2578,5.4795,35768.2509,652770.5789
凌霄泵业,002884.SZ,20220928,17.67,12.4198,3.1542,5.6593,35768.2509,632024.9934
凌霄泵业,002884.SZ,20220927,17.94,12.6096,3.2024,5.5741,35768.2509,641682.4211
凌霄泵业,002884.SZ,20220926,17.8,12.5112,3.1775,5.618,35768.2509,636674.866
凌霄泵业,002884.SZ,20220923,17.82,12.5252,3.181,5.6117,35768.2509,637390.231
凌霄泵业,002884.SZ,20220922,18.9,13.2843,3.3738,5.291,35768.2509,676019.942
凌霄泵业,002884.SZ,20220921,18.56,13.0454,3.3131,5.3879,35768.2509,663858.7367
凌霄泵业,002884.SZ,20220920,18.45,12.968,3.2935,5.4201,35768.2509,659924.2291
凌霄泵业,002884.SZ,20220919,18.6,13.0735,3.3203,5.3763,35768.2509,665289.4667
凌霄泵业,002884.SZ,20220916,18.78,13.2,3.3524,5.3248,35768.2509,671727.7519
凌霄泵业,002884.SZ,20220915,18.57,13.0524,3.3149,5.385,35768.2509,664216.4192
凌霄泵业,002884.SZ,20220914,18.87,13.2633,3.3685,5.2994,35768.2509,674946.8945
凌霄泵业,002884.SZ,20220913,19.12,13.439,3.4131,5.2301,35768.2509,683888.9572
凌霄泵业,002884.SZ,20220909,19.27,13.5444,3.4399,5.1894,35768.2509,689254.1948
凌霄泵业,002884.SZ,20220908,19.49,13.699,3.4791,5.1308,35768.2509,697123.21
凌霄泵业,002884.SZ,20220907,18.92,13.2984,3.3774,5.2854,35768.2509,676735.307
凌霄泵业,002884.SZ,20220906,18.78,13.2,3.3524,5.3248,35768.2509,671727.7519
凌霄泵业,002884.SZ,20220905,18.75,13.1789,3.347,5.3333,35768.2509,670654.7044
凌霄泵业,002884.SZ,20220902,18.91,13.2914,3.3756,5.2882,35768.2509,676377.6245
凌霄泵业,002884.SZ,20220901,19.2,13.4952,3.4274,5.2083,35768.2509,686750.4173
凌霄泵业,002884.SZ,20220831,19.74,13.8748,3.5238,5.0659,35768.2509,706065.2728
凌霄泵业,002884.SZ,20220830,20.79,14.6128,3.7112,4.81,35768.2509,743621.9362
凌霄泵业,002884.SZ,20220829,22.01,15.495,3.7731,4.5434,35768.2509,787259.2023
凌霄泵业,002884.SZ,20220826,21.32,15.0092,3.6549,4.6904,35768.2509,762579.1092
凌霄泵业,002884.SZ,20220825,21.57,15.1852,3.6977,4.6361,35768.2509,771521.1719
凌霄泵业,002884.SZ,20220824,21.3,14.9951,3.6514,4.6948,35768.2509,761863.7442
凌霄泵业,002884.SZ,20220823,21.85,15.3823,3.7457,4.5767,35768.2509,781536.2822
凌霄泵业,002884.SZ,20220822,21.32,15.0092,3.6549,4.6904,35768.2509,762579.1092
凌霄泵业,002884.SZ,20220819,21.9,15.4175,3.7543,4.5662,35768.2509,783324.6947
凌霄泵业,002884.SZ,20220818,20.92,14.7276,3.5863,4.7801,35768.2509,748271.8088
凌霄泵业,002884.SZ,20220817,20.28,14.2771,3.4766,4.931,35768.2509,725380.1283
凌霄泵业,002884.SZ,20220816,20.06,14.1222,3.4389,4.985,35768.2509,717511.1131
凌霄泵业,002884.SZ,20220815,19.52,13.742,3.3463,5.123,35768.2509,698196.2576
凌霄泵业,002884.SZ,20220812,19.33,13.6083,3.3137,5.1733,35768.2509,691400.2899
凌霄泵业,002884.SZ,20220811,20.48,14.4179,3.5109,4.8828,35768.2509,732533.7784
凌霄泵业,002884.SZ,20220810,20.25,14.256,3.4714,4.9383,35768.2509,724307.0807
凌霄泵业,002884.SZ,20220809,20.08,14.1363,3.4423,4.9801,35768.2509,718226.4781
凌霄泵业,002884.SZ,20220808,19.88,13.9955,3.408,5.0302,35768.2509,711072.8279
凌霄泵业,002884.SZ,20220805,19.76,13.911,3.3874,5.0607,35768.2509,706780.6378
凌霄泵业,002884.SZ,20220804,19.65,13.8336,3.3686,5.0891,35768.2509,702846.1302
凌霄泵业,002884.SZ,20220803,19.8,13.9392,3.3943,5.0505,35768.2509,708211.3678
凌霄泵业,002884.SZ,20220802,19.99,14.0729,3.4269,5.0025,35768.2509,715007.3355
凌霄泵业,002884.SZ,20220801,20.2,14.2208,3.4629,4.9505,35768.2509,722518.6682
凌霄泵业,002884.SZ,20220729,19.79,13.9321,3.3926,5.0531,35768.2509,707853.6853
凌霄泵业,002884.SZ,20220728,19.85,13.9744,3.4029,5.0378,35768.2509,709999.7804
凌霄泵业,002884.SZ,20220727,19.68,13.8547,3.3737,5.0813,35768.2509,703919.1777
凌霄泵业,002884.SZ,20220726,19.48,13.7139,3.3394,5.1335,35768.2509,696765.5275
凌霄泵业,002884.SZ,20220725,19.21,13.5238,3.2931,5.2056,35768.2509,687108.0998
凌霄泵业,002884.SZ,20220722,19.64,13.8265,3.3669,5.0916,35768.2509,702488.4477
凌霄泵业,002884.SZ,20220721,19.92,14.0236,3.4149,5.0201,35768.2509,712503.5579
凌霄泵业,002884.SZ,20220720,19.72,13.8828,3.3806,5.071,35768.2509,705349.9077
凌霄泵业,002884.SZ,20220719,19.42,13.6716,3.3291,5.1493,35768.2509,694619.4325
凌霄泵业,002884.SZ,20220718,19.21,13.5238,3.2931,5.2056,35768.2509,687108.0998
凌霄泵业,002884.SZ,20220715,18.93,13.3267,3.2451,5.2826,35768.2509,677092.9895
凌霄泵业,002884.SZ,20220714,19.13,13.4675,3.2794,5.2274,35768.2509,684246.6397
凌霄泵业,002884.SZ,20220713,19.4,13.6576,3.3257,5.1546,35768.2509,693904.0675
凌霄泵业,002884.SZ,20220712,19.18,13.5027,3.288,5.2138,35768.2509,686035.0523
凌霄泵业,002884.SZ,20220711,19.39,13.6505,3.324,5.1573,35768.2509,693546.385
凌霄泵业,002884.SZ,20220708,19.81,13.9462,3.396,5.048,35768.2509,708569.0503
凌霄泵业,002884.SZ,20220707,20.07,14.1292,3.4406,4.9826,35768.2509,717868.7956
凌霄泵业,002884.SZ,20220706,19.99,14.0729,3.4269,5.0025,35768.2509,715007.3355
凌霄泵业,002884.SZ,20220705,19.8,13.9392,3.3943,5.0505,35768.2509,708211.3678
凌霄泵业,002884.SZ,20220704,20.0,14.08,3.4286,5.0,35768.2509,715365.018
凌霄泵业,002884.SZ,20220701,20.23,14.2419,3.468,4.9432,35768.2509,723591.7157
凌霄泵业,002884.SZ,20220630,20.49,14.4249,3.5126,4.8804,35768.2509,732891.4609
凌霄泵业,002884.SZ,20220629,20.4,14.3616,3.4971,4.902,35768.2509,729672.3184
凌霄泵业,002884.SZ,20220628,20.95,14.7488,3.5914,4.7733,35768.2509,749344.8564
凌霄泵业,002884.SZ,20220627,21.15,14.8895,3.6257,4.7281,35768.2509,756498.5065
凌霄泵业,002884.SZ,20220624,20.82,14.6572,3.5691,4.8031,35768.2509,744694.9837
凌霄泵业,002884.SZ,20220623,20.69,14.5657,3.5469,4.8333,35768.2509,740045.1111
凌霄泵业,002884.SZ,20220622,20.49,14.4249,3.5126,4.8804,35768.2509,732891.4609
凌霄泵业,002884.SZ,20220621,20.48,14.4179,3.5109,4.8828,35768.2509,732533.7784
凌霄泵业,002884.SZ,20220620,20.76,14.615,3.5589,4.817,35768.2509,742548.8887
凌霄泵业,002884.SZ,20220617,20.5,14.432,3.5143,4.878,35768.2509,733249.1435
凌霄泵业,002884.SZ,20220616,20.39,14.3545,3.4954,4.9044,35768.2509,729314.6359
凌霄泵业,002884.SZ,20220615,20.56,14.4742,3.5246,4.8638,35768.2509,735395.2385
凌霄泵业,002884.SZ,20220614,20.97,14.7628,3.5949,4.7687,35768.2509,750060.2214
凌霄泵业,002884.SZ,20220613,20.53,14.4531,3.5194,4.8709,35768.2509,734322.191
凌霄泵业,002884.SZ,20220610,20.33,14.3123,3.4851,4.9188,35768.2509,727168.5408
凌霄泵业,002884.SZ,20220609,19.69,13.8617,3.3754,5.0787,35768.2509,704276.8602
凌霄泵业,002884.SZ,20220608,20.01,14.087,3.4303,4.9975,35768.2509,715722.7005
凌霄泵业,002884.SZ,20220607,19.79,13.9321,3.3926,5.0531,35768.2509,707853.6853
凌霄泵业,002884.SZ,20220606,20.2,14.2208,3.4629,4.9505,35768.2509,722518.6682
凌霄泵业,002884.SZ,20220602,19.86,13.9814,3.4046,5.0352,35768.2509,710357.4629
凌霄泵业,002884.SZ,20220601,20.01,14.087,3.4303,4.9975,35768.2509,715722.7005
凌霄泵业,002884.SZ,20220531,19.78,13.9251,3.3909,5.0556,35768.2509,707496.0028
凌霄泵业,002884.SZ,20220530,19.57,13.7772,3.3549,5.1099,35768.2509,699984.6701
凌霄泵业,002884.SZ,20220527,19.52,13.742,3.3463,5.123,35768.2509,698196.2576
凌霄泵业,002884.SZ,20220526,19.85,13.9744,3.4029,5.0378,35768.2509,709999.7804
凌霄泵业,002884.SZ,20220525,19.78,13.9251,3.3909,9.7227,35768.2509,707496.0028
凌霄泵业,002884.SZ,20220524,19.52,13.742,3.3463,9.8523,35768.2509,698196.2576
凌霄泵业,002884.SZ,20220523,21.65,15.2415,3.7114,4.264,35768.2509,774382.632
凌霄泵业,002884.SZ,20220520,21.24,14.9529,3.6411,4.3463,35768.2509,759717.6491
凌霄泵业,002884.SZ,20220519,20.99,14.7769,3.5983,4.3981,35768.2509,750775.5864
凌霄泵业,002884.SZ,20220518,21.0,14.784,3.6,4.396,35768.2509,751133.2689
凌霄泵业,002884.SZ,20220517,21.7,15.2767,3.72,4.2542,35768.2509,776171.0445
凌霄泵业,002884.SZ,20220516,21.41,15.0669,3.6689,4.312,35754.8226,765510.7519
凌霄泵业,002884.SZ,20220513,21.17,14.898,3.6278,4.3609,35754.8226,756929.5944
凌霄泵业,002884.SZ,20220512,20.84,14.6658,3.5712,4.43,35754.8226,745130.503
凌霄泵业,002884.SZ,20220511,20.98,14.7643,3.5952,4.4018,35754.8226,750136.1781
凌霄泵业,002884.SZ,20220510,20.94,14.7362,3.5884,4.4102,35754.8226,748705.9852
凌霄泵业,002884.SZ,20220509,20.93,14.7291,3.5867,4.4124,35754.8226,748348.437
凌霄泵业,002884.SZ,20220506,20.26,14.2576,3.4718,4.5583,35754.8226,724392.7059
凌霄泵业,002884.SZ,20220505,20.67,14.5462,3.5421,4.4679,35754.8226,739052.1831
凌霄泵业,002884.SZ,20220429,19.3,14.2626,3.3416,4.7902,35716.2333,689323.3027
凌霄泵业,002884.SZ,20220428,18.2,13.4497,3.1511,5.0797,35716.2333,650035.4461
凌霄泵业,002884.SZ,20220427,18.67,13.797,3.2325,4.9518,35716.2333,666822.0757
凌霄泵业,002884.SZ,20220426,18.67,13.797,3.2325,4.9518,35716.2333,666822.0757
凌霄泵业,002884.SZ,20220425,18.92,13.9818,3.2758,4.8864,35716.2333,675751.134
凌霄泵业,002884.SZ,20220422,19.45,14.3735,3.3675,4.7532,35716.2333,694680.7377
凌霄泵业,002884.SZ,20220421,19.55,14.4474,3.3848,4.7289,35716.2333,698252.361
凌霄泵业,002884.SZ,20220420,19.93,14.7282,3.4506,4.6388,35716.2333,711824.5297
凌霄泵业,002884.SZ,20220419,19.26,15.6551,3.5291,4.8212,35559.7743,684881.253
凌霄泵业,002884.SZ,20220418,19.11,15.5332,3.5017,4.8591,35559.7743,679547.2869
凌霄泵业,002884.SZ,20220415,18.7,15.1999,3.4265,4.9656,35559.7743,664967.7794
凌霄泵业,002884.SZ,20220414,18.77,15.2568,3.4394,4.9471,35559.7743,667456.9636
凌霄泵业,002884.SZ,20220413,18.69,15.1918,3.4247,4.9683,35559.7743,664612.1817
凌霄泵业,002884.SZ,20220412,18.87,15.3381,3.4577,4.9209,35559.7743,671012.941
凌霄泵业,002884.SZ,20220411,18.56,15.0861,3.4009,5.0031,35559.7743,659989.411
凌霄泵业,002884.SZ,20220408,19.72,16.029,3.6134,4.7088,35559.7743,701238.7492
凌霄泵业,002884.SZ,20220407,19.71,16.0209,3.6116,4.7112,35559.7743,700883.1515
凌霄泵业,002884.SZ,20220406,20.79,16.8988,3.8095,4.4664,35559.7743,739287.7077
凌霄泵业,002884.SZ,20220401,21.65,17.5978,3.9671,4.289,35559.7743,769869.1136
凌霄泵业,002884.SZ,20220331,21.92,17.8173,4.0165,4.2362,35559.7743,779470.2527
凌霄泵业,002884.SZ,20220330,21.92,17.8173,4.0165,4.2362,35559.7743,779470.2527
凌霄泵业,002884.SZ,20220329,21.38,17.3783,3.9176,4.3432,35559.7743,760267.9745
凌霄泵业,002884.SZ,20220328,22.01,17.8904,4.033,4.2189,35559.7743,782670.6323
凌霄泵业,002884.SZ,20220325,22.28,18.1099,4.0825,4.1677,35559.7743,792271.7714
凌霄泵业,002884.SZ,20220324,22.23,18.0692,4.0734,4.1771,35559.7743,790493.7827
凌霄泵业,002884.SZ,20220323,22.51,18.2968,4.1247,4.1252,35559.7743,800450.5195
凌霄泵业,002884.SZ,20220322,22.47,18.2643,4.1173,4.1325,35559.7743,799028.1285
凌霄泵业,002884.SZ,20220321,22.61,18.3781,4.143,4.1069,35559.7743,804006.4969
凌霄泵业,002884.SZ,20220318,22.42,18.2237,4.1082,4.1417,35559.7743,797250.1398
凌霄泵业,002884.SZ,20220317,22.31,18.1343,4.088,4.1621,35559.7743,793338.5646
凌霄泵业,002884.SZ,20220316,22.09,17.9554,4.0477,4.2036,35559.7743,785515.4143
凌霄泵业,002884.SZ,20220315,21.57,17.5328,3.9524,4.3049,35559.7743,767024.3317
凌霄泵业,002884.SZ,20220314,22.34,18.1586,4.0935,4.1565,35559.7743,794405.3579
凌霄泵业,002884.SZ,20220311,23.03,18.7195,4.2199,4.032,35559.7743,818941.6021
凌霄泵业,002884.SZ,20220310,23.01,18.7032,4.2163,4.0355,35559.7743,818230.4066
凌霄泵业,002884.SZ,20220309,23.2,18.8577,4.2511,4.0025,35559.7743,824986.7638
凌霄泵业,002884.SZ,20220308,22.94,18.6463,4.2035,4.0478,35559.7743,815741.2224
凌霄泵业,002884.SZ,20220307,23.8,19.3454,4.361,3.9016,35559.7743,846322.6283
凌霄泵业,002884.SZ,20220304,24.24,19.703,4.4417,3.8307,35559.7743,861968.929
凌霄泵业,002884.SZ,20220303,24.13,19.6136,4.4215,3.8482,35559.7743,858057.3539
凌霄泵业,002884.SZ,20220302,25.1,20.4021,4.5992,3.6995,35559.7743,892550.3349
凌霄泵业,002884.SZ,20220301,25.88,21.0361,4.7422,3.588,35559.7743,920286.9589
凌霄泵业,002884.SZ,20220228,24.71,20.0851,4.5278,3.7579,35559.7743,878682.023
凌霄泵业,002884.SZ,20220225,24.7,20.0769,4.5259,3.7594,35559.7743,878326.4252
凌霄泵业,002884.SZ,20220224,24.53,19.9387,4.4948,3.7855,35559.7743,872281.2636
凌霄泵业,002884.SZ,20220223,24.59,19.9875,4.5058,3.7762,35559.7743,874414.85
凌霄泵业,002884.SZ,20220222,24.19,19.6624,4.4325,3.8387,35559.7743,860190.9403
凌霄泵业,002884.SZ,20220221,24.24,19.703,4.4417,3.8307,35559.7743,861968.929
凌霄泵业,002884.SZ,20220218,23.69,19.256,4.3409,3.9197,35559.7743,842411.0532
凌霄泵业,002884.SZ,20220217,23.68,19.2478,4.339,3.9213,35559.7743,842055.4554
凌霄泵业,002884.SZ,20220216,24.2,19.6705,4.4343,3.8371,35559.7743,860546.5381
凌霄泵业,002884.SZ,20220215,24.25,19.7112,4.4435,3.8292,35559.7743,862324.5268
凌霄泵业,002884.SZ,20220214,23.87,19.4023,4.3739,3.8901,35559.7743,848811.8125
凌霄泵业,002884.SZ,20220211,23.54,19.134,4.3134,3.9447,35559.7743,837077.087
凌霄泵业,002884.SZ,20220210,24.12,19.6055,4.4197,3.8498,35559.7743,857701.7561
凌霄泵业,002884.SZ,20220209,24.85,20.1989,4.5534,3.7367,35559.7743,883660.3914
凌霄泵业,002884.SZ,20220208,24.8,20.1582,4.5443,3.7442,35559.7743,881882.4026
凌霄泵业,002884.SZ,20220207,24.15,19.6299,4.4252,3.845,35559.7743,858768.5493
凌霄泵业,002884.SZ,20220128,23.98,19.4917,4.394,3.8723,35559.7743,852723.3877
凌霄泵业,002884.SZ,20220127,23.67,19.2397,4.3372,3.923,35559.7743,841699.8577
凌霄泵业,002884.SZ,20220126,23.7,19.2641,4.3427,3.918,35559.7743,842766.6509
凌霄泵业,002884.SZ,20220125,23.46,19.069,4.2987,3.9581,35559.7743,834232.3051
凌霄泵业,002884.SZ,20220124,23.59,19.1747,4.3226,3.9363,35559.7743,838855.0757
凌霄泵业,002884.SZ,20220121,23.35,18.9796,4.2786,3.9768,35559.7743,830320.7299
凌霄泵业,002884.SZ,20220120,23.47,19.0771,4.3006,3.9564,35559.7743,834587.9028
凌霄泵业,002884.SZ,20220119,24.51,19.9225,4.4911,3.7885,35559.7743,871570.0681
凌霄泵业,002884.SZ,20220118,24.33,19.7762,4.4582,3.8166,35559.7743,865169.3087
凌霄泵业,002884.SZ,20220117,24.32,19.768,4.4563,3.8181,35559.7743,864813.711
凌霄泵业,002884.SZ,20220114,24.0,19.5079,4.3977,3.869,35559.7743,853434.5832
凌霄泵业,002884.SZ,20220113,24.36,19.8006,4.4636,3.8119,35559.7743,866236.1019
凌霄泵业,002884.SZ,20220112,25.13,20.4264,4.6047,3.6951,35559.7743,893617.1282
凌霄泵业,002884.SZ,20220111,24.61,20.0038,4.5095,3.7731,35559.7743,875126.0455
凌霄泵业,002884.SZ,20220110,25.4,20.6459,4.6542,3.6558,35559.7743,903218.2672
凌霄泵业,002884.SZ,20220107,25.42,20.6622,4.6579,3.6529,35559.7743,903929.4627
凌霄泵业,002884.SZ,20220106,26.35,21.4181,4.8283,3.524,35559.7743,937000.0528
凌霄泵业,002884.SZ,20220105,26.6,21.6213,4.8741,3.4909,35559.7743,945889.9964
凌霄泵业,002884.SZ,20220104,27.25,22.1496,4.9932,3.4076,35559.7743,969003.8497
凌霄泵业,002884.SZ,20211231,27.97,22.7349,5.1251,3.3199,35559.7743,994606.8872
凌霄泵业,002884.SZ,20211230,27.36,22.2391,5.0134,3.3939,35559.7743,972915.4248
凌霄泵业,002884.SZ,20211229,27.46,22.3203,5.0317,3.3815,35559.7743,976471.4023
凌霄泵业,002884.SZ,20211228,27.3,22.1903,5.0024,3.4014,35559.7743,970781.8384
凌霄泵业,002884.SZ,20211227,26.85,21.8245,4.9199,3.4584,35559.7743,954779.94
凌霄泵业,002884.SZ,20211224,27.59,22.426,5.0555,3.3656,35559.7743,981094.1729
凌霄泵业,002884.SZ,20211223,27.79,22.5886,5.0921,3.3414,35559.7743,988206.1278
凌霄泵业,002884.SZ,20211222,27.2,22.109,4.984,3.4139,35559.7743,967225.861
凌霄泵业,002884.SZ,20211221,27.03,21.9708,4.9529,3.4353,35559.7743,961180.6993
凌霄泵业,002884.SZ,20211220,25.57,20.7841,4.6854,3.6315,35559.7743,909263.4289
凌霄泵业,002884.SZ,20211217,25.8,20.971,4.7275,3.5991,35559.7743,917442.1769
凌霄泵业,002884.SZ,20211216,26.29,21.3693,4.8173,3.532,35559.7743,934866.4663
凌霄泵业,002884.SZ,20211215,24.85,20.1989,4.5534,3.7367,35559.7743,883660.3914
凌霄泵业,002884.SZ,20211214,25.51,20.7353,4.6744,3.64,35559.7743,907129.8424
凌霄泵业,002884.SZ,20211213,23.19,18.8496,4.2493,4.0042,35559.7743,824631.166
凌霄泵业,002884.SZ,20211210,22.88,18.5976,4.1925,4.0584,35559.7743,813607.636
凌霄泵业,002884.SZ,20211209,22.24,18.0774,4.0752,4.1752,35559.7743,790849.3804
凌霄泵业,002884.SZ,20211208,22.09,17.9554,4.0477,4.2036,35559.7743,785515.4143
凌霄泵业,002884.SZ,20211207,22.07,17.9392,4.044,4.2074,35559.7743,784804.2188
凌霄泵业,002884.SZ,20211206,22.5,18.2887,4.1228,4.127,35559.7743,800094.9218
凌霄泵业,002884.SZ,20211203,22.26,18.0936,4.0789,4.1715,35559.7743,791560.5759
凌霄泵业,002884.SZ,20211202,21.9,17.801,4.0129,4.2401,35559.7743,778759.0572
凌霄泵业,002884.SZ,20211201,22.11,17.9717,4.0514,4.1998,35559.7743,786226.6098
凌霄泵业,002884.SZ,20211130,21.99,17.8742,4.0294,4.2227,35559.7743,781959.4369
凌霄泵业,002884.SZ,20211129,21.85,17.7604,4.0037,4.2498,35559.7743,776981.0685
凌霄泵业,002884.SZ,20211126,22.68,18.435,4.1558,4.0942,35559.7743,806495.6811
凌霄泵业,002884.SZ,20211125,22.93,18.6382,4.2016,4.0496,35559.7743,815385.6247
凌霄泵业,002884.SZ,20211124,23.56,19.1503,4.3171,3.9413,35559.7743,837788.2825
凌霄泵业,002884.SZ,20211123,23.8,19.3454,4.361,3.9016,35559.7743,846322.6283
凌霄泵业,002884.SZ,20211122,23.87,19.4023,4.3739,3.8901,35559.7743,848811.8125
凌霄泵业,002884.SZ,20211119,23.87,19.4023,4.3739,3.8901,35559.7743,848811.8125
凌霄泵业,002884.SZ,20211118,23.18,18.8414,4.2474,4.0059,35559.7743,824275.5683
凌霄泵业,002884.SZ,20211117,22.96,18.6626,4.2071,4.0443,35559.7743,816452.4179
凌霄泵业,002884.SZ,20211116,23.17,18.8333,4.2456,4.0076,35559.7743,823919.9705
凌霄泵业,002884.SZ,20211115,23.16,18.8252,4.2438,4.0094,35559.7743,823564.3728
凌霄泵业,002884.SZ,20211112,23.79,19.3372,4.3592,3.9032,35559.7743,845967.0306
凌霄泵业,002884.SZ,20211111,23.48,19.0853,4.3024,3.9547,35559.7743,834943.5006
凌霄泵业,002884.SZ,20211110,23.29,18.9308,4.2676,3.987,35559.7743,828187.1434
凌霄泵业,002884.SZ,20211109,23.31,18.9471,4.2712,3.9836,35559.7743,828898.3389
凌霄泵业,002884.SZ,20211108,23.05,18.7358,4.2236,4.0285,35559.7743,819652.7976
凌霄泵业,002884.SZ,20211105,22.28,18.1099,4.0825,4.1677,35559.7743,792271.7714
凌霄泵业,002884.SZ,20211104,22.18,18.0286,4.0642,4.1865,35559.7743,788715.794
凌霄泵业,002884.SZ,20211103,22.27,18.1017,4.0807,4.1696,35559.7743,791916.1737
凌霄泵业,002884.SZ,20211102,22.48,18.2724,4.1192,4.1307,35559.7743,799383.7263
凌霄泵业,002884.SZ,20211101,22.42,18.2237,4.1082,4.1417,35559.7743,797250.1398
凌霄泵业,002884.SZ,20211029,21.96,17.8498,4.0239,4.2285,35559.7743,780892.6436
凌霄泵业,002884.SZ,20211028,20.8,18.0529,4.1319,4.4643,35559.7743,739643.3054
凌霄泵业,002884.SZ,20211027,20.65,17.9227,4.1021,4.4967,35559.7743,734309.3393
凌霄泵业,002884.SZ,20211026,20.72,17.9835,4.116,4.4815,35559.7743,736798.5235
凌霄泵业,002884.SZ,20211025,21.15,18.3567,4.2015,4.3904,35559.7743,752089.2264
凌霄泵业,002884.SZ,20211022,20.99,18.2178,4.1697,4.4239,35559.7743,746399.6626
凌霄泵业,002884.SZ,20211021,20.93,18.1657,4.1578,4.4366,35559.7743,744266.0761
凌霄泵业,002884.SZ,20211020,21.39,18.565,4.2491,4.3411,35559.7743,760623.5723
凌霄泵业,002884.SZ,20211019,21.39,18.565,4.2491,4.3411,35559.7743,760623.5723
凌霄泵业,002884.SZ,20211018,21.23,18.4261,4.2174,4.3739,35559.7743,754934.0084
凌霄泵业,002884.SZ,20211015,21.11,18.322,4.1935,4.3987,35559.7743,750666.8355
凌霄泵业,002884.SZ,20211014,21.25,18.4435,4.2213,4.3697,35559.7743,755645.2039
凌霄泵业,002884.SZ,20211013,21.38,18.5563,4.2472,4.3432,35559.7743,760267.9745
凌霄泵业,002884.SZ,20211012,21.69,18.8254,4.3087,4.2811,35559.7743,771291.5046
凌霄泵业,002884.SZ,20211011,21.86,18.9729,4.3425,4.2478,35559.7743,777336.6662
凌霄泵业,002884.SZ,20211008,21.57,18.7212,4.2849,4.3049,35559.7743,767024.3317
凌霄泵业,002884.SZ,20210930,21.66,18.7993,4.3028,4.287,35559.7743,770224.7113
凌霄泵业,002884.SZ,20210929,20.71,17.9748,4.1141,4.4837,35559.7743,736442.9258
凌霄泵业,002884.SZ,20210928,21.23,18.4261,4.2174,4.3739,35559.7743,754934.0084
凌霄泵业,002884.SZ,20210927,20.89,18.131,4.1498,4.4451,35559.7743,742843.6851
凌霄泵业,002884.SZ,20210924,21.95,19.051,4.3604,4.2304,35559.7743,780537.0459
凌霄泵业,002884.SZ,20210923,21.81,18.9295,4.3326,4.2575,35559.7743,775558.6775
凌霄泵业,002884.SZ,20210922,22.08,19.1639,4.3862,4.2055,35559.7743,785159.8165
凌霄泵业,002884.SZ,20210917,21.52,18.6778,4.275,4.3149,35559.7743,765246.3429
凌霄泵业,002884.SZ,20210916,21.12,18.3307,4.1955,4.3966,35559.7743,751022.4332
凌霄泵业,002884.SZ,20210915,21.79,18.9122,4.3286,4.2615,35559.7743,774847.482
凌霄泵业,002884.SZ,20210914,21.72,18.8514,4.3147,4.2752,35559.7743,772358.2978
凌霄泵业,002884.SZ,20210913,22.19,19.2593,4.4081,4.1846,35559.7743,789071.3917
凌霄泵业,002884.SZ,20210910,22.58,19.5978,4.4855,4.1124,35559.7743,802939.7037
凌霄泵业,002884.SZ,20210909,22.57,19.5892,4.4836,4.1142,35559.7743,802584.106
凌霄泵业,002884.SZ,20210908,22.92,19.8929,4.5531,4.0514,35559.7743,815030.027
凌霄泵业,002884.SZ,20210907,23.19,20.1273,4.6067,4.0042,35559.7743,824631.166
凌霄泵业,002884.SZ,20210906,22.66,19.6673,4.5014,4.0978,35559.7743,805784.4856
凌霄泵业,002884.SZ,20210903,22.58,19.5978,4.4855,4.1124,35559.7743,802939.7037
凌霄泵业,002884.SZ,20210902,22.19,19.2593,4.4081,4.1846,35559.7743,789071.3917
凌霄泵业,002884.SZ,20210901,22.21,19.2767,4.412,4.1809,35559.7743,789782.5872
凌霄泵业,002884.SZ,20210831,22.07,19.1552,4.3842,4.2074,35559.7743,784804.2188
凌霄泵业,002884.SZ,20210830,21.7,20.0259,4.7509,4.2791,35559.7743,771647.1023
凌霄泵业,002884.SZ,20210827,21.94,20.2474,4.8035,4.2323,35559.7743,780181.4481
凌霄泵业,002884.SZ,20210826,21.82,20.1366,4.7772,4.2556,35559.7743,775914.2752
凌霄泵业,002884.SZ,20210825,21.73,20.0536,4.7575,4.2732,35559.7743,772713.8955
凌霄泵业,002884.SZ,20210824,21.19,19.5552,4.6393,4.3821,35559.7743,753511.6174
凌霄泵业,002884.SZ,20210823,20.96,19.343,4.5889,4.4302,35559.7743,745332.8693
凌霄泵业,002884.SZ,20210820,20.15,18.5955,4.4116,4.6083,35559.7743,716529.4521
凌霄泵业,002884.SZ,20210819,20.72,19.1215,4.5364,4.4815,35559.7743,736798.5235
凌霄泵业,002884.SZ,20210818,20.54,18.9554,4.497,4.5208,35559.7743,730397.7641
凌霄泵业,002884.SZ,20210817,20.9,19.2876,4.5758,4.4429,35559.7743,743199.2829
凌霄泵业,002884.SZ,20210816,20.91,19.2968,4.578,4.4408,35559.7743,743554.8806
凌霄泵业,002884.SZ,20210813,20.5,18.9185,4.4882,4.5296,35559.7743,728975.3732
凌霄泵业,002884.SZ,20210812,20.86,19.2507,4.567,4.4514,35559.7743,741776.8919
凌霄泵业,002884.SZ,20210811,20.81,19.2045,4.5561,4.4621,35559.7743,739998.9032
凌霄泵业,002884.SZ,20210810,20.93,19.3153,4.5824,4.4366,35559.7743,744266.0761
凌霄泵业,002884.SZ,20210809,20.7,19.103,4.532,4.4859,35559.7743,736087.328
凌霄泵业,002884.SZ,20210806,20.03,18.4847,4.3853,4.6359,35559.7743,712262.2792
凌霄泵业,002884.SZ,20210805,19.85,18.3186,4.3459,4.6779,35559.7743,705861.5199
凌霄泵业,002884.SZ,20210804,19.7,18.1802,4.3131,4.7136,35559.7743,700527.5537
凌霄泵业,002884.SZ,20210803,19.28,17.7926,4.2211,4.8162,35559.7743,685592.4485
凌霄泵业,002884.SZ,20210802,19.43,17.931,4.254,4.7791,35559.7743,690926.4146
凌霄泵业,002884.SZ,20210730,18.8,17.3496,4.116,4.9392,35559.7743,668523.7568
凌霄泵业,002884.SZ,20210729,18.69,17.2481,4.0919,4.9683,35559.7743,664612.1817
凌霄泵业,002884.SZ,20210728,18.92,17.4604,4.1423,4.9079,35559.7743,672790.9298
凌霄泵业,002884.SZ,20210727,18.69,17.2481,4.0919,4.9683,35559.7743,664612.1817
凌霄泵业,002884.SZ,20210726,19.32,17.8295,4.2299,4.8063,35559.7743,687014.8395
凌霄泵业,002884.SZ,20210723,20.25,18.6878,4.4335,4.5855,35559.7743,720085.4296
凌霄泵业,002884.SZ,20210722,21.0,19.3799,4.5977,4.4218,35559.7743,746755.2603
凌霄泵业,002884.SZ,20210721,21.59,19.9244,4.7269,4.3009,35559.7743,767735.5271
凌霄泵业,002884.SZ,20210720,21.17,19.5368,4.6349,7.7398,35559.7743,752800.4219
凌霄泵业,002884.SZ,20210719,20.21,18.6508,4.4247,8.1075,35559.7743,718663.0386
凌霄泵业,002884.SZ,20210716,20.25,18.6878,4.4335,8.0915,35559.7743,720085.4296
凌霄泵业,002884.SZ,20210715,20.24,18.6785,4.4313,8.0955,35559.7743,719729.8318
凌霄泵业,002884.SZ,20210714,20.89,19.2784,4.5736,7.8436,35559.7743,742843.6851
凌霄泵业,002884.SZ,20210713,20.98,19.3614,4.5933,7.8099,35559.7743,746044.0648
凌霄泵业,002884.SZ,20210712,21.15,19.5183,4.6305,7.7472,35559.7743,752089.2264
凌霄泵业,002884.SZ,20210709,20.82,19.2138,4.5583,7.8699,35559.7743,740354.5009
凌霄泵业,002884.SZ,20210708,20.7,19.103,4.532,7.9156,35559.7743,736087.328
凌霄泵业,002884.SZ,20210707,21.36,19.7121,4.6765,7.671,35559.7743,759556.779
凌霄泵业,002884.SZ,20210706,21.49,19.8321,4.705,7.6246,35559.7743,764179.5497
凌霄泵业,002884.SZ,20210705,21.18,19.546,4.6371,7.7362,35559.7743,753156.0197
凌霄泵业,002884.SZ,20210702,21.7,20.0259,4.7509,7.5508,35559.7743,771647.1023
凌霄泵业,002884.SZ,20210701,22.5,20.7642,4.9261,7.2823,35559.7743,800094.9218
凌霄泵业,002884.SZ,20210630,23.29,21.4932,5.0991,7.0353,35559.7743,828187.1434
凌霄泵业,002884.SZ,20210629,23.39,21.5855,5.121,7.0052,35559.7743,831743.1209
凌霄泵业,002884.SZ,20210628,22.48,20.7457,4.9217,7.2888,35559.7743,799383.7263
凌霄泵业,002884.SZ,20210625,22.05,20.3489,4.8276,7.4309,35559.7743,784093.0233
凌霄泵业,002884.SZ,20210624,22.55,20.8103,4.937,7.2662,35559.7743,801872.9105
凌霄泵业,002884.SZ,20210623,22.8,21.041,4.9918,7.1865,35559.7743,810762.854
凌霄泵业,002884.SZ,20210622,23.24,21.4471,5.0881,7.0504,35559.7743,826409.1547
凌霄泵业,002884.SZ,20210621,23.02,21.2441,5.0399,7.1178,35559.7743,818586.0044
凌霄泵业,002884.SZ,20210618,23.16,21.3733,5.0706,7.0748,35559.7743,823564.3728
凌霄泵业,002884.SZ,20210617,23.05,21.2717,5.0465,7.1086,35559.7743,819652.7976
凌霄泵业,002884.SZ,20210616,22.59,20.8472,4.9458,7.2533,35559.7743,803295.3014
凌霄泵业,002884.SZ,20210615,22.21,20.4965,4.8626,7.3774,35559.7743,789782.5872
凌霄泵业,002884.SZ,20210611,22.75,20.9949,4.9808,7.2023,35559.7743,808984.8653
凌霄泵业,002884.SZ,20210610,23.05,21.2717,5.0465,7.1086,35559.7743,819652.7976
凌霄泵业,002884.SZ,20210609,23.17,21.3825,5.0728,7.0717,35559.7743,823919.9705
凌霄泵业,002884.SZ,20210608,23.2,21.4102,5.0794,7.0626,35559.7743,824986.7638
凌霄泵业,002884.SZ,20210607,23.6,21.7793,5.1669,6.9429,35559.7743,839210.6735
凌霄泵业,002884.SZ,20210604,23.5,21.687,5.145,6.9724,35559.7743,835654.6961
凌霄泵业,002884.SZ,20210603,23.19,21.4009,5.0772,7.0656,35559.7743,824631.166
凌霄泵业,002884.SZ,20210602,23.87,22.0285,5.226,6.8644,35559.7743,848811.8125
凌霄泵业,002884.SZ,20210601,23.77,21.9362,5.2041,6.8932,35559.7743,845255.8351
凌霄泵业,002884.SZ,20210531,24.0,22.1484,5.2545,6.8272,35559.7743,853434.5832
凌霄泵业,002884.SZ,20210528,23.6,21.7793,5.1669,6.9429,35559.7743,839210.6735
凌霄泵业,002884.SZ,20210527,23.33,21.5301,5.1078,7.0232,35559.7743,829609.5344
凌霄泵业,002884.SZ,20210526,21.64,19.9705,4.7378,7.5717,35559.7743,769513.5159
凌霄泵业,002884.SZ,20210525,31.7,20.896,4.9574,3.1354,25399.8388,805174.89
凌霄泵业,002884.SZ,20210524,31.54,20.7905,4.9324,3.1513,25399.8388,801110.9158
凌霄泵业,002884.SZ,20210521,31.32,20.6455,4.8979,3.1735,25399.8388,795522.9512
凌霄泵业,002884.SZ,20210520,31.33,20.6521,4.8995,3.1725,25399.8388,795776.9496
凌霄泵业,002884.SZ,20210519,31.83,20.9817,4.9777,3.1226,25399.8388,808476.869
凌霄泵业,002884.SZ,20210518,30.6,20.1693,4.785,3.2484,25397.8116,777173.035
凌霄泵业,002884.SZ,20210517,30.69,20.2286,4.799,3.2389,25397.8116,779458.838
凌霄泵业,002884.SZ,20210514,31.01,20.4395,4.8491,3.2055,25397.8116,787586.1377
凌霄泵业,002884.SZ,20210513,30.96,20.4066,4.8413,3.2106,25397.8116,786316.2471
凌霄泵业,002884.SZ,20210512,30.73,20.255,4.8053,3.2347,25397.8116,780474.7505
凌霄泵业,002884.SZ,20210511,30.65,20.2023,4.7928,3.2431,25397.8116,778442.9255
凌霄泵业,002884.SZ,20210510,29.9,19.7079,4.6755,3.3245,25397.8116,759394.5668
凌霄泵业,002884.SZ,20210507,30.6,20.1693,4.785,3.2484,25397.8116,777173.035
凌霄泵业,002884.SZ,20210506,31.41,20.7032,4.9116,3.1646,25397.8116,797745.2624
凌霄泵业,002884.SZ,20210430,31.83,20.98,4.9773,3.1229,25397.8116,808412.3432
凌霄泵业,002884.SZ,20210429,31.75,20.9273,4.9648,3.1307,25397.8116,806380.5183
凌霄泵业,002884.SZ,20210428,30.29,21.4578,5.3595,3.2816,25397.8116,769299.7134
凌霄泵业,002884.SZ,20210427,30.1,21.3232,5.3259,3.3024,25397.8116,764474.1292
凌霄泵业,002884.SZ,20210426,29.39,20.8203,5.2003,3.3821,25397.8116,746441.6829
凌霄泵业,002884.SZ,20210423,28.92,20.4873,5.1171,3.4371,25397.8116,734504.7115
凌霄泵业,002884.SZ,20210422,28.97,20.5227,5.1259,3.4312,25397.8116,735774.6021
凌霄泵业,002884.SZ,20210421,29.04,20.5723,5.1383,3.4229,25397.8116,737552.4489
凌霄泵业,002884.SZ,20210420,29.23,20.7069,5.1719,3.4007,25397.8116,742378.0331
凌霄泵业,002884.SZ,20210419,29.51,21.8757,5.8186,3.3697,25388.2265,749206.564
凌霄泵业,002884.SZ,20210416,29.78,22.0758,5.8719,3.3391,25388.2265,756061.3852
凌霄泵业,002884.SZ,20210415,29.18,21.631,5.7536,3.4078,25388.2265,740828.4493
凌霄泵业,002884.SZ,20210414,28.84,21.379,5.6865,3.4479,25388.2265,732196.4523
凌霄泵业,002884.SZ,20210413,29.01,21.505,5.7201,3.4277,25388.2265,736512.4508
凌霄泵业,002884.SZ,20210412,29.31,21.7274,5.7792,3.3927,25388.2265,744128.9187
凌霄泵业,002884.SZ,20210409,29.8,22.0906,5.8758,3.3369,25388.2265,756569.1497
凌霄泵业,002884.SZ,20210408,30.03,22.2611,5.9212,3.3113,25388.2265,762408.4418
凌霄泵业,002884.SZ,20210407,29.43,21.8164,5.8029,3.3788,25388.2265,747175.5059
凌霄泵业,002884.SZ,20210406,29.6,21.9424,5.8364,3.3594,25388.2265,751491.5044
凌霄泵业,002884.SZ,20210402,29.57,21.9201,5.8305,3.3628,25388.2265,750729.8576
凌霄泵业,002884.SZ,20210401,28.93,21.4457,5.7043,3.4372,25388.2265,734481.3926
凌霄泵业,002884.SZ,20210331,29.32,21.7348,5.7812,3.3915,25388.2265,744382.801
凌霄泵业,002884.SZ,20210330,29.19,21.6384,5.7555,3.4066,25388.2265,741082.3315
凌霄泵业,002884.SZ,20210329,29.39,21.7867,5.795,3.3834,25388.2265,746159.9768
凌霄泵业,002884.SZ,20210326,29.15,21.6088,5.7477,3.4113,25388.2265,740066.8025
凌霄泵业,002884.SZ,20210325,28.35,21.0158,5.5899,3.5075,25388.2265,719756.2213
凌霄泵业,002884.SZ,20210324,29.52,21.8831,5.8206,3.3685,25388.2265,749460.4463
凌霄泵业,002884.SZ,20210323,32.8,24.3145,6.4673,3.0317,25388.2265,832733.8292
凌霄泵业,002884.SZ,20210322,32.75,24.2775,6.4575,3.0363,25388.2265,831464.4179
凌霄泵业,002884.SZ,20210319,31.48,23.336,6.2071,3.1588,25388.2265,799221.3702
凌霄泵业,002884.SZ,20210318,31.08,23.0395,6.1282,3.1994,25388.2265,789066.0796
凌霄泵业,002884.SZ,20210317,30.53,22.6318,6.0198,3.2571,25388.2265,775102.555
凌霄泵业,002884.SZ,20210316,31.5,23.3508,6.211,3.1568,25388.2265,799729.1348
凌霄泵业,002884.SZ,20210315,30.38,22.5206,5.9902,3.2732,25388.2265,771294.3211
凌霄泵业,002884.SZ,20210312,30.99,22.9728,6.1105,3.2087,25388.2265,786781.1392
凌霄泵业,002884.SZ,20210311,31.67,23.4769,6.2445,3.1398,25388.2265,804045.1333
凌霄泵业,002884.SZ,20210310,30.53,22.6318,6.0198,3.2571,25388.2265,775102.555
凌霄泵业,002884.SZ,20210309,30.08,22.2982,5.931,3.3058,25388.2265,763677.8531
凌霄泵业,002884.SZ,20210308,30.7,22.7578,6.0533,3.239,25388.2265,779418.5536
凌霄泵业,002884.SZ,20210305,30.12,22.3278,5.9389,3.3014,25388.2265,764693.3822
凌霄泵业,002884.SZ,20210304,28.86,21.3938,5.6905,3.4456,25388.2265,732704.2168
凌霄泵业,002884.SZ,20210303,29.26,21.6903,5.7693,3.3984,25388.2265,742859.5074
凌霄泵业,002884.SZ,20210302,28.4,21.0528,5.5998,3.5014,25388.2265,721025.6326
凌霄泵业,002884.SZ,20210301,30.01,22.2463,5.9172,3.3135,25388.2265,761900.6773
凌霄泵业,002884.SZ,20210226,30.1,22.313,5.935,3.3036,25388.2265,764185.6177
凌霄泵业,002884.SZ,20210225,29.95,22.2018,5.9054,3.3202,25388.2265,760377.3837
凌霄泵业,002884.SZ,20210224,28.73,21.2974,5.6648,3.4611,25388.2265,729403.7473
凌霄泵业,002884.SZ,20210223,28.75,21.3123,5.6688,3.4587,25388.2265,729911.5119
凌霄泵业,002884.SZ,20210222,29.0,21.4976,5.7181,3.4289,25388.2265,736258.5685
凌霄泵业,002884.SZ,20210219,27.8,20.608,5.4815,3.5769,25388.2265,705792.6967
凌霄泵业,002884.SZ,20210218,27.77,20.5858,5.4756,3.5808,25388.2265,705031.0499
凌霄泵业,002884.SZ,20210210,28.93,21.4457,5.7043,3.4372,25388.2265,734481.3926
凌霄泵业,002884.SZ,20210209,29.09,21.5643,5.7358,3.4183,25388.2265,738543.5089
凌霄泵业,002884.SZ,20210208,27.65,20.4968,5.4519,3.5963,25388.2265,701984.4627
凌霄泵业,002884.SZ,20210205,27.5,20.3856,5.4223,3.6159,25388.2265,698176.2288
凌霄泵业,002884.SZ,20210204,26.5,19.6444,5.2251,3.7524,25388.2265,672788.0023
凌霄泵业,002884.SZ,20210203,26.78,19.8519,5.2804,3.7132,25388.2265,679896.7057
凌霄泵业,002884.SZ,20210202,26.81,19.8742,5.2863,3.709,25388.2265,680658.3525
凌霄泵业,002884.SZ,20210201,25.54,18.9327,5.0359,3.8934,25388.2265,648415.3048
凌霄泵业,002884.SZ,20210129,26.57,19.6962,5.2389,3.7425,25388.2265,674565.1781
凌霄泵业,002884.SZ,20210128,27.02,20.0298,5.3277,3.6802,25388.2265,685989.88
凌霄泵业,002884.SZ,20210127,26.8,19.8667,5.2843,3.7104,25388.2265,680404.4702
凌霄泵业,002884.SZ,20210126,26.5,19.6444,5.2251,3.7524,25388.2265,672788.0023
凌霄泵业,002884.SZ,20210125,26.07,19.3256,5.1404,3.8143,25388.2265,661871.0649
凌霄泵业,002884.SZ,20210122,27.1,20.0891,5.3434,3.6693,25388.2265,688020.9382
凌霄泵业,002884.SZ,20210121,27.43,20.3338,5.4085,3.6252,25388.2265,696399.0529
凌霄泵业,002884.SZ,20210120,27.63,20.482,5.4479,3.5989,25388.2265,701476.6982
凌霄泵业,002884.SZ,20210119,27.86,20.6525,5.4933,3.5692,25388.2265,707315.9903
凌霄泵业,002884.SZ,20210118,27.78,20.5932,5.4775,3.5795,25388.2265,705284.9322
凌霄泵业,002884.SZ,20210115,26.58,19.7037,5.2409,3.7411,25388.2265,674819.0604
凌霄泵业,002884.SZ,20210114,25.42,18.738,4.9841,3.9118,25245.7018,641745.7398
凌霄泵业,002884.SZ,20210113,25.29,18.6421,4.9586,3.9541,25245.7018,638463.7985
凌霄泵业,002884.SZ,20210112,25.82,19.0328,5.0625,3.873,25245.7018,651844.0205
凌霄泵业,002884.SZ,20210111,24.96,18.3989,4.8939,4.0064,25245.7018,630132.7169
凌霄泵业,002884.SZ,20210108,24.77,18.2588,4.8566,4.0371,25245.7018,625336.0336
凌霄泵业,002884.SZ,20210107,24.0,17.6912,4.7056,4.1667,25245.7018,605896.8432
凌霄泵业,002884.SZ,20210106,24.15,17.8018,4.735,4.1408,25245.7018,609683.6985
凌霄泵业,002884.SZ,20210105,23.63,17.4185,4.6331,4.2319,25245.7018,596555.9335
凌霄泵业,002884.SZ,20210104,23.33,17.1974,4.5743,4.2863,25245.7018,588982.223
凌霄泵业,002884.SZ,20201231,23.9,17.6175,4.686,4.1841,25245.7018,603372.273
凌霄泵业,002884.SZ,20201230,23.47,17.3006,4.6017,4.2608,25245.7018,592516.6212
凌霄泵业,002884.SZ,20201229,23.09,17.0204,4.5272,4.3309,25245.7018,582923.2546
凌霄泵业,002884.SZ,20201228,23.31,17.1826,4.5704,4.29,25245.7018,588477.309
凌霄泵业,002884.SZ,20201225,24.26,17.8829,4.7566,4.122,25245.7018,612460.7257
凌霄泵业,002884.SZ,20201224,24.22,17.8534,4.7488,4.1288,25245.7018,611450.8976
凌霄泵业,002884.SZ,20201223,25.28,18.6348,4.9566,3.9557,25245.7018,638211.3415
凌霄泵业,002884.SZ,20201222,24.68,18.1925,4.839,4.0519,25245.7018,623063.9204
凌霄泵业,002884.SZ,20201221,24.91,18.362,4.8841,4.0145,25245.7018,628870.4318
凌霄泵业,002884.SZ,20201218,24.95,18.3915,4.8919,4.008,25245.7018,629880.2599
凌霄泵业,002884.SZ,20201217,24.77,18.2588,4.8566,4.0371,25245.7018,625336.0336
凌霄泵业,002884.SZ,20201216,24.93,18.3768,4.888,4.0112,25245.7018,629375.3459
凌霄泵业,002884.SZ,20201215,25.29,18.6421,4.9586,3.9541,25245.7018,638463.7985
凌霄泵业,002884.SZ,20201214,25.31,18.6569,4.9625,3.951,25245.7018,638968.7126
凌霄泵业,002884.SZ,20201211,25.13,18.5242,4.9272,3.9793,25245.7018,634424.4862
凌霄泵业,002884.SZ,20201210,25.52,18.8117,5.0037,3.9185,25245.7018,644270.3099
凌霄泵业,002884.SZ,20201209,25.8,19.0181,5.0586,3.876,25245.7018,651339.1064
凌霄泵业,002884.SZ,20201208,25.73,18.9665,5.0448,3.8865,25245.7018,649571.9073
凌霄泵业,002884.SZ,20201207,25.73,18.9665,5.0448,3.8865,25245.7018,649571.9073
凌霄泵业,002884.SZ,20201204,25.04,18.4579,4.9095,3.9936,25245.7018,632152.3731
凌霄泵业,002884.SZ,20201203,24.4,17.9861,4.7841,4.0984,25245.7018,615995.1239
凌霄泵业,002884.SZ,20201202,24.81,18.2883,4.8645,4.0306,25245.7018,626345.8617
凌霄泵业,002884.SZ,20201201,24.55,18.0967,4.8135,4.0733,25245.7018,619781.9792
凌霄泵业,002884.SZ,20201130,24.4,17.9861,4.7841,4.0984,25245.7018,615995.1239
凌霄泵业,002884.SZ,20201127,25.05,18.4652,4.9115,3.992,25245.7018,632404.8301
凌霄泵业,002884.SZ,20201126,25.4,18.7232,4.9801,3.937,25245.7018,641240.8257
凌霄泵业,002884.SZ,20201125,26.27,19.3645,5.1507,3.8066,25245.7018,663204.5863
凌霄泵业,002884.SZ,20201124,27.3,20.1238,5.3527,3.663,25245.7018,689207.6591
凌霄泵业,002884.SZ,20201123,27.4,20.1975,5.3723,3.6496,25245.7018,691732.2293
凌霄泵业,002884.SZ,20201120,27.39,20.1901,5.3703,3.651,25245.7018,691479.7723
凌霄泵业,002884.SZ,20201119,28.65,21.1189,5.6174,3.4904,25245.7018,723289.3566
凌霄泵业,002884.SZ,20201118,27.68,20.4039,5.4272,3.6127,25245.7018,698801.0258
凌霄泵业,002884.SZ,20201117,28.85,21.2663,5.6566,3.4662,25245.7018,728338.4969
凌霄泵业,002884.SZ,20201116,32.06,23.6325,6.2859,3.1192,25245.7018,809377.1997
凌霄泵业,002884.SZ,20201113,32.28,23.7947,6.3291,3.0979,25245.7018,814931.2541
凌霄泵业,002884.SZ,20201112,30.49,22.4752,5.9781,3.2798,25245.7018,769741.4479
凌霄泵业,002884.SZ,20201111,30.5,22.4826,5.9801,3.2787,25245.7018,769993.9049
凌霄泵业,002884.SZ,20201110,29.86,22.0108,5.8546,3.349,25245.7018,753836.6557
凌霄泵业,002884.SZ,20201109,30.24,22.291,5.9291,3.3069,25245.7018,763430.0224
凌霄泵业,002884.SZ,20201106,30.34,22.3647,5.9487,3.296,25245.7018,765954.5926
凌霄泵业,002884.SZ,20201105,29.81,21.974,5.8448,3.3546,25245.7018,752574.3707
凌霄泵业,002884.SZ,20201104,29.8,21.9666,5.8428,3.3557,25245.7018,752321.9136
凌霄泵业,002884.SZ,20201103,30.02,22.1288,5.886,3.3311,25245.7018,757875.968
凌霄泵业,002884.SZ,20201102,28.89,21.2958,5.6644,3.4614,25245.7018,729348.325
凌霄泵业,002884.SZ,20201030,26.26,21.3645,5.584,3.8081,25245.7018,662952.1293
凌霄泵业,002884.SZ,20201029,26.23,21.3401,5.5776,3.8124,25245.7018,662194.7582
凌霄泵业,002884.SZ,20201028,25.78,20.974,5.4819,3.879,25245.7018,650834.1924
凌霄泵业,002884.SZ,20201027,25.28,20.5672,5.3756,3.9557,25245.7018,638211.3415
凌霄泵业,002884.SZ,20201026,25.31,20.5916,5.382,3.951,25245.7018,638968.7126
凌霄泵业,002884.SZ,20201023,25.45,20.7055,5.4118,3.9293,25245.7018,642503.1108
凌霄泵业,002884.SZ,20201022,25.72,20.9252,5.4692,3.888,25245.7018,649319.4503
凌霄泵业,002884.SZ,20201021,25.39,20.6567,5.399,3.9386,25245.7018,640988.3687
凌霄泵业,002884.SZ,20201020,26.21,21.3238,5.5734,3.8153,25245.7018,661689.8442
凌霄泵业,002884.SZ,20201019,26.2,21.3157,5.5713,3.8168,25245.7018,661437.3872
凌霄泵业,002884.SZ,20201016,25.41,20.673,5.4033,3.9355,25245.7018,641493.2827
凌霄泵业,002884.SZ,20201015,25.8,20.9903,5.4862,3.876,25245.7018,651339.1064
凌霄泵业,002884.SZ,20201014,24.08,19.5909,5.1205,4.1528,25245.7018,607916.4993
凌霄泵业,002884.SZ,20201013,23.98,19.5095,5.0992,4.1701,25245.7018,605391.9292
凌霄泵业,002884.SZ,20201012,24.03,19.5502,5.1098,4.1615,25245.7018,606654.2143
凌霄泵业,002884.SZ,20201009,23.93,19.4689,5.0886,4.1789,25245.7018,604129.6441
凌霄泵业,002884.SZ,20200930,22.87,18.6065,4.8632,4.3725,25245.7018,577369.2002
凌霄泵业,002884.SZ,20200929,22.55,18.3461,4.7951,4.4346,25245.7018,569290.5756
凌霄泵业,002884.SZ,20200928,23.05,18.7529,4.9014,4.3384,25245.7018,581913.4265
凌霄泵业,002884.SZ,20200925,23.25,18.9156,4.944,4.3011,25245.7018,586962.5669
凌霄泵业,002884.SZ,20200924,22.71,18.4763,4.8291,4.4033,25245.7018,573329.8879
凌霄泵业,002884.SZ,20200923,23.39,19.0295,4.9737,4.2753,25245.7018,590496.9651
凌霄泵业,002884.SZ,20200922,23.05,18.7529,4.9014,4.3384,25245.7018,581913.4265
凌霄泵业,002884.SZ,20200921,23.92,19.4607,5.0864,4.1806,25245.7018,603877.1871
凌霄泵业,002884.SZ,20200918,23.71,19.2899,5.0418,4.2319,25245.7018,598575.5897
凌霄泵业,002884.SZ,20200917,22.88,18.6146,4.8653,4.3706,25245.7018,577621.6572
凌霄泵业,002884.SZ,20200916,23.2,18.875,4.9333,4.3103,25245.7018,585700.2818
凌霄泵业,002884.SZ,20200915,22.58,18.3705,4.8015,4.4287,25245.7018,570047.9466
凌霄泵业,002884.SZ,20200914,22.4,18.2241,4.7632,4.4643,25245.7018,565503.7203
凌霄泵业,002884.SZ,20200911,22.75,18.5088,4.8376,4.3956,25245.7018,574339.716
凌霄泵业,002884.SZ,20200910,21.76,17.7034,4.6271,4.5956,25245.7018,549346.4712
凌霄泵业,002884.SZ,20200909,21.31,17.3373,4.5314,4.6926,25245.7018,537985.9054
凌霄泵业,002884.SZ,20200908,23.68,19.2655,5.0354,4.223,25245.7018,597818.2186
凌霄泵业,002884.SZ,20200907,23.98,19.5095,5.0992,4.1701,25245.7018,605391.9292
凌霄泵业,002884.SZ,20200904,25.0,20.3394,5.3161,4.0,25245.7018,631142.545
凌霄泵业,002884.SZ,20200903,23.36,19.0051,4.9673,4.2808,25245.7018,589739.594
凌霄泵业,002884.SZ,20200902,23.0,18.7122,4.8908,4.3478,25245.7018,580651.1414
凌霄泵业,002884.SZ,20200901,22.13,18.0044,4.7058,4.5188,25245.7018,558687.3808
凌霄泵业,002884.SZ,20200831,20.12,16.3691,4.2784,4.9702,25245.7018,507943.5202
凌霄泵业,002884.SZ,20200828,18.29,16.6137,4.1102,5.4675,25245.7018,461743.8859
凌霄泵业,002884.SZ,20200827,18.29,16.6137,4.1102,5.4675,25245.7018,461743.8859
凌霄泵业,002884.SZ,20200826,17.94,16.2957,4.0316,5.5741,25245.7018,452907.8903
凌霄泵业,002884.SZ,20200825,18.5,16.8044,4.1574,5.4054,25245.7018,467045.4833
凌霄泵业,002884.SZ,20200824,18.48,16.7862,4.1529,5.4113,25245.7018,466540.5693
凌霄泵业,002884.SZ,20200821,19.01,17.2677,4.272,5.2604,25245.7018,479920.7912
凌霄泵业,002884.SZ,20200820,18.65,16.9407,4.1911,5.3619,25245.7018,470832.3386
凌霄泵业,002884.SZ,20200819,18.59,16.8862,4.1776,5.3792,25245.7018,469317.5965
凌霄泵业,002884.SZ,20200818,18.23,16.5592,4.0967,5.4855,25245.7018,460229.1438
凌霄泵业,002884.SZ,20200817,18.17,16.5047,4.0833,5.5036,25245.7018,458714.4017
凌霄泵业,002884.SZ,20200814,17.72,16.0959,3.9821,5.6433,25245.7018,447353.8359
凌霄泵业,002884.SZ,20200813,17.75,16.1231,3.9889,5.6338,25245.7018,448111.207
凌霄泵业,002884.SZ,20200812,17.4,15.8052,3.9102,5.7471,25245.7018,439275.2113
凌霄泵业,002884.SZ,20200811,16.83,15.2875,3.7821,5.9418,25245.7018,424885.1613
凌霄泵业,002884.SZ,20200810,17.2,15.6236,3.8653,5.814,25245.7018,434226.071
凌霄泵业,002884.SZ,20200807,16.91,15.3601,3.8001,5.9137,25245.7018,426904.8174
凌霄泵业,002884.SZ,20200806,17.55,15.9415,3.9439,5.698,25245.7018,443062.0666
凌霄泵业,002884.SZ,20200805,17.69,16.0686,3.9754,5.6529,25245.7018,446596.4648
凌霄泵业,002884.SZ,20200804,17.57,15.9596,3.9484,5.6915,25245.7018,443566.9806
凌霄泵业,002884.SZ,20200803,17.78,16.1504,3.9956,5.6243,25245.7018,448868.578
凌霄泵业,002884.SZ,20200731,17.32,15.7326,3.8922,5.7737,25245.7018,437255.5552
凌霄泵业,002884.SZ,20200730,17.27,15.6871,3.881,5.7904,25245.7018,435993.2701
凌霄泵业,002884.SZ,20200729,17.47,15.8688,3.926,5.7241,25245.7018,441042.4104
凌霄泵业,002884.SZ,20200728,17.27,15.6871,3.881,5.7904,25245.7018,435993.2701
凌霄泵业,002884.SZ,20200727,17.8,16.1686,4.0001,5.618,25245.7018,449373.492
凌霄泵业,002884.SZ,20200724,17.1,15.5327,3.8428,5.848,25245.7018,431701.5008
凌霄泵业,002884.SZ,20200723,18.58,16.8771,4.1754,5.3821,25245.7018,469065.1394
凌霄泵业,002884.SZ,20200722,19.18,17.4221,4.3102,5.2138,25245.7018,484212.5605
凌霄泵业,002884.SZ,20200721,19.48,17.6946,4.3777,5.1335,25245.7018,491786.2711
凌霄泵业,002884.SZ,20200720,21.49,19.5204,4.8294,,25245.7018,542530.1317
凌霄泵业,002884.SZ,20200717,20.0,18.1669,4.4945,,25245.7018,504914.036
凌霄泵业,002884.SZ,20200716,19.08,17.3312,4.2878,,25245.7018,481687.9903
凌霄泵业,002884.SZ,20200715,19.13,17.3767,4.299,,25245.7018,482950.2754
凌霄泵业,002884.SZ,20200714,20.18,18.3304,4.535,,25245.7018,509458.2623
凌霄泵业,002884.SZ,20200713,19.06,17.3131,4.2833,,25245.7018,481183.0763
凌霄泵业,002884.SZ,20200710,17.33,15.7416,3.8945,,25245.7018,437508.0122
凌霄泵业,002884.SZ,20200709,17.53,15.9233,3.9394,,25245.7018,442557.1526
凌霄泵业,002884.SZ,20200708,17.74,16.1141,3.9866,,25245.7018,447858.7499
凌霄泵业,002884.SZ,20200707,17.5,15.8961,3.9327,,25245.7018,441799.7815
凌霄泵业,002884.SZ,20200706,17.6,15.9869,3.9552,,25245.7018,444324.3517
凌霄泵业,002884.SZ,20200703,17.19,15.6145,3.863,,25245.7018,433973.6139
凌霄泵业,002884.SZ,20200702,17.3,15.7144,3.8878,,25245.7018,436750.6411
凌霄泵业,002884.SZ,20200701,16.98,15.4237,3.8158,,25245.7018,428672.0166
凌霄泵业,002884.SZ,20200630,16.91,15.3601,3.8001,,25245.7018,426904.8174
凌霄泵业,002884.SZ,20200629,16.62,15.0967,3.7349,,25245.7018,419583.5639
凌霄泵业,002884.SZ,20200624,16.21,14.7243,3.6428,,25245.7018,409232.8262
凌霄泵业,002884.SZ,20200623,15.96,14.4972,3.5866,,25245.7018,402921.4007
凌霄泵业,002884.SZ,20200622,16.05,14.579,3.6068,,25245.7018,405193.5139
凌霄泵业,002884.SZ,20200619,16.08,14.6062,3.6136,,25245.7018,405950.8849
凌霄泵业,002884.SZ,20200618,16.07,14.5971,3.6113,,25245.7018,405698.4279
凌霄泵业,002884.SZ,20200617,16.06,14.588,3.6091,,25245.7018,405445.9709
凌霄泵业,002884.SZ,20200616,15.8,14.3519,3.5507,,25245.7018,398882.0884
凌霄泵业,002884.SZ,20200615,15.53,14.1066,3.49,,25245.7018,392065.749
凌霄泵业,002884.SZ,20200612,15.58,14.152,3.5012,,25245.7018,393328.034
凌霄泵业,002884.SZ,20200611,15.92,14.4609,3.5776,,25245.7018,401911.5727
凌霄泵业,002884.SZ,20200610,16.0,14.5335,3.5956,,25245.7018,403931.2288
凌霄泵业,002884.SZ,20200609,16.0,14.5335,3.5956,,25245.7018,403931.2288
凌霄泵业,002884.SZ,20200608,15.97,14.5063,3.5889,,25245.7018,403173.8577
凌霄泵业,002884.SZ,20200605,16.08,14.6062,3.6136,,25245.7018,405950.8849
凌霄泵业,002884.SZ,20200604,16.11,14.6335,3.6203,,25245.7018,406708.256
凌霄泵业,002884.SZ,20200603,16.24,14.7515,3.6495,,25245.7018,409990.1972
凌霄泵业,002884.SZ,20200602,16.66,15.1331,3.7439,,25245.7018,420593.392
凌霄泵业,002884.SZ,20200601,16.22,14.7334,3.645,,25245.7018,409485.2832
凌霄泵业,002884.SZ,20200529,16.13,14.6516,3.6248,,25245.7018,407213.17
凌霄泵业,002884.SZ,20200528,16.44,14.9332,3.6945,,25245.7018,415039.3376
凌霄泵业,002884.SZ,20200527,16.04,14.5699,3.6046,,25245.7018,404941.0569
凌霄泵业,002884.SZ,20200526,16.3,14.806,3.663,,25245.7018,411504.9393
凌霄泵业,002884.SZ,20200525,16.32,14.8242,3.6675,,25245.7018,412009.8534
凌霄泵业,002884.SZ,20200522,15.64,14.2065,3.5147,4.5751,25245.7018,394842.7762
凌霄泵业,002884.SZ,20200521,15.57,14.143,3.499,4.5957,25245.7018,393075.577
凌霄泵业,002884.SZ,20200520,15.27,13.8704,3.4316,4.6859,25245.7018,385501.8665
凌霄泵业,002884.SZ,20200519,15.37,13.9613,3.454,4.6555,25245.7018,388026.4367
凌霄泵业,002884.SZ,20200518,15.12,13.7342,3.3978,4.7324,25245.7018,381715.0112
凌霄泵业,002884.SZ,20200515,15.12,13.7342,3.3978,4.7324,25245.7018,381715.0112
凌霄泵业,002884.SZ,20200514,15.14,13.7524,3.4023,4.7262,25245.7018,382219.9253
凌霄泵业,002884.SZ,20200513,15.67,14.2338,3.5214,4.5663,25245.7018,395600.1472
凌霄泵业,002884.SZ,20200512,15.68,14.2429,3.5237,4.5634,25245.7018,395852.6042
凌霄泵业,002884.SZ,20200511,15.69,14.252,3.5259,4.5605,25245.7018,396105.0612
凌霄泵业,002884.SZ,20200508,15.73,14.2883,3.5349,4.5489,25245.7018,397114.8893
凌霄泵业,002884.SZ,20200507,15.35,13.9431,3.4495,4.6615,25245.7018,387521.5226
凌霄泵业,002884.SZ,20200506,15.59,14.1611,3.5035,4.5898,25245.7018,393580.4911
凌霄泵业,002884.SZ,20200430,15.33,13.925,3.445,4.6676,25245.7018,387016.6086
凌霄泵业,002884.SZ,20200429,14.89,13.5253,3.3462,4.8055,25245.7018,375908.4998
凌霄泵业,002884.SZ,20200428,15.11,13.6681,3.3624,4.7356,25245.7018,381462.5542
凌霄泵业,002884.SZ,20200427,15.22,13.7677,3.3868,4.7013,25245.7018,384239.5814
凌霄泵业,002884.SZ,20200424,14.94,13.5144,3.3245,4.7894,25245.7018,377170.7849
凌霄泵业,002884.SZ,20200423,15.37,13.9033,3.4202,4.6555,25245.7018,388026.4367
凌霄泵业,002884.SZ,20200422,14.82,13.4058,3.2978,4.8282,25245.7018,374141.3007
凌霄泵业,002884.SZ,20200421,14.71,13.3063,3.2733,4.8643,25245.7018,371364.2735
凌霄泵业,002884.SZ,20200420,14.74,13.3335,3.28,4.8544,25245.7018,372121.6445
凌霄泵业,002884.SZ,20200417,14.43,13.053,3.211,4.9587,25245.7018,364295.477
凌霄泵业,002884.SZ,20200416,14.54,13.1525,3.2355,4.9212,25245.7018,367072.5042
凌霄泵业,002884.SZ,20200415,14.6,13.2068,3.2489,4.901,25245.7018,368587.2463
凌霄泵业,002884.SZ,20200414,14.7,13.2973,3.2711,4.8676,25245.7018,371111.8165
凌霄泵业,002884.SZ,20200413,14.44,13.0621,3.2133,4.9553,25245.7018,364547.934
凌霄泵业,002884.SZ,20200410,15.05,13.6139,3.349,4.7544,25245.7018,379947.8121
凌霄泵业,002884.SZ,20200409,15.31,13.8491,3.4069,4.6737,25245.7018,386511.6946
凌霄泵业,002884.SZ,20200408,15.57,14.0843,3.4647,5.9636,25245.7018,393075.577
凌霄泵业,002884.SZ,20200407,15.35,13.8852,3.4158,6.0491,25245.7018,387521.5226
凌霄泵业,002884.SZ,20200403,14.76,13.3515,3.2845,6.2909,25245.7018,372626.5586
凌霄泵业,002884.SZ,20200402,14.53,13.1435,3.2333,6.3904,25245.7018,366820.0472
凌霄泵业,002884.SZ,20200401,13.98,12.646,3.1109,6.6419,25245.7018,352934.9112
凌霄泵业,002884.SZ,20200331,14.16,12.8088,3.151,6.5574,25245.7018,357479.1375
凌霄泵业,002884.SZ,20200320,15.89,11.0766,2.7248,5.8435,19454.7916,309136.6385
凌霄泵业,002884.SZ,20200319,16.29,11.3555,2.7934,5.7,19454.7916,316918.5552
凌霄泵业,002884.SZ,20200318,16.15,11.2579,2.7694,5.7494,19454.7916,314194.8843
凌霄泵业,002884.SZ,20200317,17.24,12.0177,2.9563,5.3859,19454.7916,335400.6072
凌霄泵业,002884.SZ,20200316,17.4,12.1292,2.9838,5.3364,19454.7916,338513.3738
凌霄泵业,002884.SZ,20200313,18.16,12.659,3.1141,5.1131,19454.7916,353299.0155
凌霄泵业,002884.SZ,20200312,18.12,12.6311,3.1073,5.1243,19454.7916,352520.8238
凌霄泵业,002884.SZ,20200311,18.53,12.9169,3.1776,5.011,19454.7916,360497.2883
凌霄泵业,002884.SZ,20200310,18.86,13.147,3.2341,4.9233,19454.7916,366917.3696
凌霄泵业,002884.SZ,20200309,18.41,12.8333,3.157,5.0436,19454.7916,358162.7134
凌霄泵业,002884.SZ,20200306,18.8,13.1052,3.2239,4.939,19454.7916,365750.0821
凌霄泵业,002884.SZ,20200305,18.89,13.1679,3.2393,4.9155,19454.7916,367501.0133
凌霄泵业,002884.SZ,20200304,19.1,13.3143,3.2753,4.8614,19454.7916,371586.5196
凌霄泵业,002884.SZ,20200303,18.19,12.6799,3.1193,5.1046,19454.7916,353882.6592
凌霄泵业,002884.SZ,20200302,17.85,12.4429,3.061,5.2019,19454.7916,347268.0301
凌霄泵业,002884.SZ,20200228,17.06,11.8922,2.9255,5.4427,19454.7916,331898.7447
凌霄泵业,002884.SZ,20200227,17.58,12.2547,3.0147,5.2817,19454.7916,342015.2363
凌霄泵业,002884.SZ,20200226,16.92,11.7946,2.9015,5.4878,19454.7916,329175.0739
凌霄泵业,002884.SZ,20200225,17.47,12.178,2.9958,5.315,19454.7916,339875.2093
凌霄泵业,002884.SZ,20200224,17.7,12.3384,3.0352,5.2459,19454.7916,344349.8113
凌霄泵业,002884.SZ,20200221,17.17,12.7186,2.9683,5.4079,19454.7916,334038.7718
凌霄泵业,002884.SZ,20200220,17.22,12.7556,2.9769,5.3922,19454.7916,335011.5114
凌霄泵业,002884.SZ,20200219,17.2,12.7408,2.9735,5.3984,19454.7916,334622.4155
凌霄泵业,002884.SZ,20200218,16.91,12.526,2.9233,5.491,19454.7916,328980.526
凌霄泵业,002884.SZ,20200217,16.86,12.4889,2.9147,5.5073,19454.7916,328007.7864
凌霄泵业,002884.SZ,20200214,16.51,12.2297,2.8542,5.6241,19454.7916,321198.6093
凌霄泵业,002884.SZ,20200213,16.75,12.4075,2.8957,5.5435,19454.7916,325867.7593
凌霄泵业,002884.SZ,20200212,16.63,12.3186,2.8749,5.5835,19454.7916,323533.1843
凌霄泵业,002884.SZ,20200211,16.65,12.3334,2.8784,5.5768,19454.7916,323922.2801
凌霄泵业,002884.SZ,20200210,16.98,12.5778,2.9354,5.4684,19454.7916,330342.3614
凌霄泵业,002884.SZ,20200207,16.4,12.1482,2.8352,5.6618,19454.7916,319058.5822
凌霄泵业,002884.SZ,20200206,15.7,11.6297,2.7141,5.9142,19454.7916,305440.2281
凌霄泵业,002884.SZ,20200205,15.23,11.2815,2.6329,6.0967,19454.7916,296296.4761
凌霄泵业,002884.SZ,20200204,14.89,11.0297,2.5741,6.2359,19454.7916,289681.8469
凌霄泵业,002884.SZ,20200203,13.94,10.326,2.4099,6.6609,19454.7916,271199.7949
凌霄泵业,002884.SZ,20200123,15.49,11.4741,2.6778,5.9944,19454.7916,301354.7219
凌霄泵业,002884.SZ,20200122,15.9,11.7778,2.7487,5.8398,19454.7916,309331.1864
凌霄泵业,002884.SZ,20200121,15.21,11.2667,2.6294,6.1047,19454.7916,295907.3802
凌霄泵业,002884.SZ,20200120,15.33,11.3556,2.6502,6.057,19454.7916,298241.9552
凌霄泵业,002884.SZ,20200117,14.97,11.0889,2.5879,6.2026,19454.7916,291238.2303
凌霄泵业,002884.SZ,20200116,15.12,11.2001,2.6139,6.1411,19454.7916,294156.449
凌霄泵业,002884.SZ,20200115,15.23,11.2815,2.6329,6.0967,19454.7916,296296.4761
凌霄泵业,002884.SZ,20200114,15.46,11.4519,2.6727,6.006,19454.7916,300771.0781
凌霄泵业,002884.SZ,20200113,15.53,11.5038,2.6848,5.979,19454.7916,302132.9135
凌霄泵业,002884.SZ,20200110,15.52,11.4963,2.683,5.9828,19454.7916,301938.3656
凌霄泵业,002884.SZ,20200109,15.31,11.2323,2.6214,6.1234,19268.6796,295003.4847
凌霄泵业,002884.SZ,20200108,14.84,10.8875,2.5409,6.3174,19268.6796,285947.2053
凌霄泵业,002884.SZ,20200107,15.15,11.1149,2.594,6.1881,19268.6796,291920.4959
凌霄泵业,002884.SZ,20200106,15.05,11.0416,2.5769,6.2292,19268.6796,289993.628
凌霄泵业,002884.SZ,20200103,15.01,11.0122,2.57,6.2458,19268.6796,289222.8808
凌霄泵业,002884.SZ,20200102,15.14,11.1076,2.5923,6.1922,19268.6796,291727.8091
凌霄泵业,002884.SZ,20191231,15.1,11.0782,2.5854,6.2086,19268.6796,290957.062
凌霄泵业,002884.SZ,20191230,15.22,11.1663,2.606,6.1597,19268.6796,293269.3035
凌霄泵业,002884.SZ,20191227,14.92,10.9462,2.5546,6.2835,19268.6796,287488.6996
凌霄泵业,002884.SZ,20191226,14.78,10.8435,2.5307,6.343,19268.6796,284791.0845
凌霄泵业,002884.SZ,20191225,14.76,10.8288,2.5272,6.3516,19268.6796,284405.7109
凌霄泵业,002884.SZ,20191224,14.86,10.9022,2.5444,6.3089,19268.6796,286332.5789
凌霄泵业,002884.SZ,20191223,14.69,10.7774,2.5152,6.3819,19268.6796,283056.9033
凌霄泵业,002884.SZ,20191220,14.95,10.9682,2.5598,6.2709,19268.6796,288066.76
凌霄泵业,002884.SZ,20191219,15.21,11.1589,2.6043,6.1637,19268.6796,293076.6167
凌霄泵业,002884.SZ,20191218,15.24,11.1809,2.6094,6.1516,19268.6796,293654.6771
凌霄泵业,002884.SZ,20191217,14.85,10.8948,2.5426,6.3131,19268.6796,286139.8921
凌霄泵业,002884.SZ,20191216,14.75,10.8215,2.5255,6.3559,19268.6796,284213.0241
凌霄泵业,002884.SZ,20191213,14.41,10.572,2.4673,6.5059,19268.6796,277661.673
凌霄泵业,002884.SZ,20191212,14.24,10.4473,2.4382,6.5836,19268.6796,274385.9975
凌霄泵业,002884.SZ,20191211,14.38,10.55,2.4622,6.5195,19268.6796,277083.6126
凌霄泵业,002884.SZ,20191210,14.5,10.638,2.4827,6.4655,19268.6796,279395.8542
凌霄泵业,002884.SZ,20191209,14.34,10.5207,2.4553,6.5377,19268.6796,276312.8655
凌霄泵业,002884.SZ,20191206,14.31,10.4986,2.4502,6.5514,19268.6796,275734.8051
凌霄泵业,002884.SZ,20191205,14.25,10.4546,2.4399,6.5789,19268.6796,274578.6843
凌霄泵业,002884.SZ,20191204,14.26,10.462,2.4416,6.5743,19268.6796,274771.3711
凌霄泵业,002884.SZ,20191203,14.0,10.2712,2.3971,6.6964,19268.6796,269761.5144
凌霄泵业,002884.SZ,20191202,14.18,10.4033,2.4279,6.6114,19268.6796,273229.8767
凌霄泵业,002884.SZ,20191129,13.69,10.0438,2.344,6.8481,19268.6796,263788.2237
凌霄泵业,002884.SZ,20191128,13.62,9.9924,2.332,6.8833,19268.6796,262439.4162
凌霄泵业,002884.SZ,20191127,13.58,9.9631,2.3252,6.9035,19268.6796,261668.669
凌霄泵业,002884.SZ,20191126,13.64,10.0071,2.3355,6.8732,19268.6796,262824.7897
凌霄泵业,002884.SZ,20191125,13.62,9.9924,2.332,6.8833,19268.6796,262439.4162
凌霄泵业,002884.SZ,20191122,13.63,9.9998,2.3338,6.8782,19268.6796,262632.1029
凌霄泵业,002884.SZ,20191121,13.74,10.0805,2.3526,6.8231,19268.6796,264751.6577
凌霄泵业,002884.SZ,20191120,13.8,10.1245,2.3629,6.7935,19268.6796,265907.7785
凌霄泵业,002884.SZ,20191119,13.93,10.2199,2.3851,6.7301,19268.6796,268412.7068
凌霄泵业,002884.SZ,20191118,13.66,10.0218,2.3389,6.8631,19268.6796,263210.1633
凌霄泵业,002884.SZ,20191115,13.56,9.9484,2.3218,6.9137,19268.6796,261283.2954
凌霄泵业,002884.SZ,20191114,13.89,10.1905,2.3783,6.7495,19268.6796,267641.9596
凌霄泵业,002884.SZ,20191113,13.88,10.1832,2.3766,6.7543,19268.6796,267449.2728
凌霄泵业,002884.SZ,20191112,14.06,10.3152,2.4074,6.6679,19268.6796,270917.6352
凌霄泵业,002884.SZ,20191111,14.04,10.3006,2.404,6.6774,19268.6796,270532.2616
凌霄泵业,002884.SZ,20191108,14.32,10.506,2.4519,6.5468,19268.6796,275927.4919
凌霄泵业,002884.SZ,20191107,14.28,10.4766,2.445,6.5651,19268.6796,275156.7447
凌霄泵业,002884.SZ,20191106,14.25,10.4546,2.4399,6.5789,19268.6796,274578.6843
凌霄泵业,002884.SZ,20191105,14.21,10.4253,2.4331,6.5975,19268.6796,273807.9371
凌霄泵业,002884.SZ,20191104,14.25,10.4546,2.4399,6.5789,19268.6796,274578.6843
凌霄泵业,002884.SZ,20191101,14.2,10.4179,2.4313,6.6021,19268.6796,273615.2503
凌霄泵业,002884.SZ,20191031,14.35,10.528,2.457,6.5331,19268.6796,276505.5523
凌霄泵业,002884.SZ,20191030,13.86,10.7271,2.417,6.7641,19268.6796,267063.8993
凌霄泵业,002884.SZ,20191029,14.18,10.9748,2.4728,6.6114,19268.6796,273229.8767
凌霄泵业,002884.SZ,20191028,14.44,11.176,2.5181,6.4924,19268.6796,278239.7334
凌霄泵业,002884.SZ,20191025,14.35,11.1063,2.5024,6.5331,19268.6796,276505.5523
凌霄泵业,002884.SZ,20191024,14.38,11.1296,2.5077,6.5195,19268.6796,277083.6126
凌霄泵业,002884.SZ,20191023,14.5,11.2224,2.5286,6.4655,19268.6796,279395.8542
凌霄泵业,002884.SZ,20191022,14.49,11.2147,2.5268,6.47,19268.6796,279203.1674
凌霄泵业,002884.SZ,20191021,14.33,11.0909,2.4989,6.5422,19268.6796,276120.1787
凌霄泵业,002884.SZ,20191018,14.42,11.1605,2.5146,6.5014,19268.6796,277854.3598
凌霄泵业,002884.SZ,20191017,14.88,11.5165,2.5948,6.3004,19268.6796,286717.9524
凌霄泵业,002884.SZ,20191016,14.92,11.5475,2.6018,6.2835,19268.6796,287488.6996
凌霄泵业,002884.SZ,20191015,14.83,11.4779,2.5861,6.3216,19268.6796,285754.5185
凌霄泵业,002884.SZ,20191014,14.99,11.6017,2.614,6.2542,19268.6796,288837.5072
凌霄泵业,002884.SZ,20191011,14.94,11.563,2.6053,6.2751,19268.6796,287874.0732
凌霄泵业,002884.SZ,20191010,14.9,11.532,2.5983,6.2919,19268.6796,287103.326
凌霄泵业,002884.SZ,20191009,14.67,11.354,2.5582,6.3906,19268.6796,282671.5297
凌霄泵业,002884.SZ,20191008,14.44,11.176,2.5181,6.4924,19268.6796,278239.7334
凌霄泵业,002884.SZ,20190930,14.28,11.0522,2.4902,6.5651,19268.6796,275156.7447
凌霄泵业,002884.SZ,20190927,14.45,11.1837,2.5199,6.4879,19268.6796,278432.4202
凌霄泵业,002884.SZ,20190926,14.34,11.0986,2.5007,6.5377,19268.6796,276312.8655
凌霄泵业,002884.SZ,20190925,14.78,11.4392,2.5774,6.343,19268.6796,284791.0845
凌霄泵业,002884.SZ,20190924,15.0,11.6094,2.6158,6.25,19268.6796,289030.194
凌霄泵业,002884.SZ,20190923,15.06,11.6559,2.6262,6.2251,19268.6796,290186.3148
凌霄泵业,002884.SZ,20190920,15.42,11.9345,2.689,6.0798,19268.6796,297123.0394
凌霄泵业,002884.SZ,20190919,15.54,12.0274,2.7099,6.0328,19268.6796,299435.281
凌霄泵业,002884.SZ,20190918,15.48,11.9809,2.6995,6.0562,19268.6796,298279.1602
凌霄泵业,002884.SZ,20190917,15.43,11.9422,2.6908,6.0758,19268.6796,297315.7262
凌霄泵业,002884.SZ,20190916,15.58,12.0583,2.7169,6.0173,19268.6796,300206.0282
凌霄泵业,002884.SZ,20190912,15.2,11.7642,2.6506,6.1678,19268.6796,292883.9299
凌霄泵业,002884.SZ,20190911,15.14,11.7178,2.6402,6.1922,19268.6796,291727.8091
凌霄泵业,002884.SZ,20190910,15.1,11.6868,2.6332,6.2086,19268.6796,290957.062
凌霄泵业,002884.SZ,20190909,15.07,11.6636,2.628,6.221,19268.6796,290379.0016
凌霄泵业,002884.SZ,20190906,14.89,11.5243,2.5966,6.2962,19268.6796,286910.6392
凌霄泵业,002884.SZ,20190905,14.89,11.5243,2.5966,6.2962,19268.6796,286910.6392
凌霄泵业,002884.SZ,20190904,14.87,11.5088,2.5931,6.3046,19268.6796,286525.2657
凌霄泵业,002884.SZ,20190903,14.83,11.4779,2.5861,6.3216,19268.6796,285754.5185
凌霄泵业,002884.SZ,20190902,14.98,11.5939,2.6123,6.2583,19268.6796,288644.8204
凌霄泵业,002884.SZ,20190830,14.43,11.1683,2.5164,6.4969,19268.6796,278047.0466
凌霄泵业,002884.SZ,20190829,14.7,11.7162,2.5001,6.3776,19268.6796,283249.5901
凌霄泵业,002884.SZ,20190828,15.0,11.9554,2.5512,6.25,19268.6796,289030.194
凌霄泵业,002884.SZ,20190827,13.87,11.0547,2.359,6.7592,19268.6796,267256.5861
凌霄泵业,002884.SZ,20190826,13.53,10.7837,2.3011,6.929,19268.6796,260705.235
凌霄泵业,002884.SZ,20190823,13.88,11.0627,2.3607,6.7543,19268.6796,267449.2728
凌霄泵业,002884.SZ,20190822,14.09,11.2301,2.3964,6.6537,19268.6796,271495.6956
凌霄泵业,002884.SZ,20190821,14.28,11.3815,2.4287,6.5651,19268.6796,275156.7447
凌霄泵业,002884.SZ,20190820,14.15,11.2779,2.4066,6.6254,19268.6796,272651.8163
凌霄泵业,002884.SZ,20190819,14.31,11.4054,2.4338,6.5514,19268.6796,275734.8051
凌霄泵业,002884.SZ,20190816,14.15,11.2779,2.4066,6.6254,19268.6796,272651.8163
凌霄泵业,002884.SZ,20190815,12.86,10.2497,2.1872,7.29,19268.6796,247795.2197
凌霄泵业,002884.SZ,20190814,12.74,10.1541,2.1668,7.3587,19268.6796,245482.9781
凌霄泵业,002884.SZ,20190813,12.66,10.0903,2.1532,7.4052,19268.6796,243941.4837
凌霄泵业,002884.SZ,20190812,12.76,10.17,2.1702,7.3472,19268.6796,245868.3517
凌霄泵业,002884.SZ,20190809,12.57,10.0186,2.1379,7.4582,19268.6796,242207.3026
凌霄泵业,002884.SZ,20190808,12.7,10.1222,2.16,7.3819,19268.6796,244712.2309
凌霄泵业,002884.SZ,20190807,12.72,10.1381,2.1634,7.3703,19268.6796,245097.6045
凌霄泵业,002884.SZ,20190806,12.87,10.2577,2.1889,7.2844,19268.6796,247987.9065
凌霄泵业,002884.SZ,20190805,13.45,10.72,2.2875,6.9703,19268.6796,259163.7406
凌霄泵业,002884.SZ,20190802,13.66,10.8873,2.3233,6.8631,19268.6796,263210.1633
凌霄泵业,002884.SZ,20190801,13.75,10.9591,2.3386,6.8182,19268.6796,264944.3445
凌霄泵业,002884.SZ,20190731,13.79,10.991,2.3454,6.7984,19268.6796,265715.0917
凌霄泵业,002884.SZ,20190730,13.87,11.0547,2.359,6.7592,19268.6796,267256.5861
凌霄泵业,002884.SZ,20190729,13.75,10.9591,2.3386,6.8182,19268.6796,264944.3445
凌霄泵业,002884.SZ,20190726,13.73,10.9431,2.3352,6.8281,19268.6796,264558.9709
凌霄泵业,002884.SZ,20190725,13.78,10.983,2.3437,6.8033,19268.6796,265522.4049
凌霄泵业,002884.SZ,20190724,13.72,10.9352,2.3335,6.8331,19268.6796,264366.2841
凌霄泵业,002884.SZ,20190723,13.41,10.6881,2.2807,6.9911,19268.6796,258392.9934
凌霄泵业,002884.SZ,20190722,13.21,10.5287,2.2467,7.0969,19268.6796,254539.2575
凌霄泵业,002884.SZ,20190719,13.69,10.9113,2.3284,6.8481,19268.6796,263788.2237
凌霄泵业,002884.SZ,20190718,13.78,10.983,2.3437,6.8033,19268.6796,265522.4049
凌霄泵业,002884.SZ,20190717,13.93,11.1025,2.3692,6.7301,19268.6796,268412.7068
凌霄泵业,002884.SZ,20190716,13.78,10.983,2.3437,6.8033,19268.6796,265522.4049
凌霄泵业,002884.SZ,20190715,13.73,10.9431,2.3352,6.8281,19268.6796,264558.9709
凌霄泵业,002884.SZ,20190712,13.64,10.8714,2.3199,6.8732,19268.6796,262824.7897
凌霄泵业,002884.SZ,20190711,13.58,10.8236,2.3096,6.9035,19268.6796,261668.669
凌霄泵业,002884.SZ,20190710,13.76,10.967,2.3403,6.8132,19268.6796,265137.0313
凌霄泵业,002884.SZ,20190709,13.8,10.9989,2.3471,6.7935,19268.6796,265907.7785
凌霄泵业,002884.SZ,20190708,14.3,11.3974,2.4321,6.5559,19268.6796,275542.1183
凌霄泵业,002884.SZ,20190705,14.76,11.7641,2.5103,6.3516,19268.6796,284405.7109
凌霄泵业,002884.SZ,20190704,14.77,11.772,2.512,6.3473,19268.6796,284598.3977
凌霄泵业,002884.SZ,20190703,14.88,11.8597,2.5307,6.3004,19268.6796,286717.9524
凌霄泵业,002884.SZ,20190702,14.96,11.9235,2.5444,6.2667,19268.6796,288259.4468
凌霄泵业,002884.SZ,20190701,14.91,11.8836,2.5358,8.4449,19268.6796,287296.0128
凌霄泵业,002884.SZ,20190628,14.68,11.7003,2.4967,8.5773,19268.6796,282864.2165
凌霄泵业,002884.SZ,20190627,14.81,11.8039,2.5188,8.502,19268.6796,285369.1449
凌霄泵业,002884.SZ,20190626,14.82,11.8119,2.5205,8.4962,19268.6796,285561.8317
凌霄泵业,002884.SZ,20190625,14.72,11.7322,2.5035,8.5539,19268.6796,283634.9637
凌霄泵业,002884.SZ,20190624,14.89,11.8677,2.5324,8.4563,19268.6796,286910.6392
凌霄泵业,002884.SZ,20190621,14.82,11.8119,2.5205,8.4962,19268.6796,285561.8317
凌霄泵业,002884.SZ,20190620,14.7,11.7162,2.5001,8.5656,19268.6796,283249.5901
凌霄泵业,002884.SZ,20190619,14.53,11.5808,2.4712,8.6658,19268.6796,279973.9146
凌霄泵业,002884.SZ,20190618,14.45,11.517,2.4576,8.7138,19268.6796,278432.4202
凌霄泵业,002884.SZ,20190617,14.39,11.4692,2.4474,8.7501,19268.6796,277276.2994
凌霄泵业,002884.SZ,20190614,14.26,11.3656,2.4253,8.8299,19268.6796,274771.3711
凌霄泵业,002884.SZ,20190613,14.59,11.6286,2.4814,8.6302,19268.6796,281130.0354
凌霄泵业,002884.SZ,20190612,14.52,11.5728,2.4695,8.6718,19268.6796,279781.2278
凌霄泵业,002884.SZ,20190611,14.88,11.8597,2.5307,8.462,19268.6796,286717.9524
凌霄泵业,002884.SZ,20190610,14.43,11.501,2.4542,8.7259,19268.6796,278047.0466
凌霄泵业,002884.SZ,20190606,14.54,11.5887,2.4729,8.6598,19268.6796,280166.6014
凌霄泵业,002884.SZ,20190605,14.64,11.6684,2.4899,8.6007,19268.6796,282093.4693
凌霄泵业,002884.SZ,20190604,14.66,11.6844,2.4933,8.589,19268.6796,282478.8429
凌霄泵业,002884.SZ,20190603,15.06,12.0032,2.5614,8.3608,19268.6796,290186.3148
凌霄泵业,002884.SZ,20190531,15.43,12.2981,2.6243,8.1603,19268.6796,297315.7262
凌霄泵业,002884.SZ,20190530,14.93,11.8996,2.5392,8.4336,19268.6796,287681.3864
凌霄泵业,002884.SZ,20190529,14.7,11.7162,2.5001,8.5656,19268.6796,283249.5901
凌霄泵业,002884.SZ,20190528,14.8,11.7959,2.5171,8.5077,19268.6796,285176.4581
凌霄泵业,002884.SZ,20190527,15.18,12.0988,2.5818,8.2947,19268.6796,292498.5563
凌霄泵业,002884.SZ,20190524,15.13,12.059,2.5733,8.3221,19268.6796,291535.1223
凌霄泵业,002884.SZ,20190523,28.4,14.1472,3.0189,1.8121,12042.9248,342019.0643
凌霄泵业,002884.SZ,20190522,29.78,14.8346,3.1656,1.7281,12042.9248,358638.3005
凌霄泵业,002884.SZ,20190521,30.6,15.2431,3.2527,1.6818,12042.9248,368513.4989
凌霄泵业,002884.SZ,20190520,30.29,15.0886,3.2198,1.699,12042.9248,364780.1922
凌霄泵业,002884.SZ,20190517,30.48,15.1833,3.24,1.6884,12042.9248,367068.3479
凌霄泵业,002884.SZ,20190516,29.29,14.5905,3.1135,1.757,12042.9248,352737.2674
凌霄泵业,002884.SZ,20190515,28.95,14.4211,3.0773,1.7776,12042.9248,348642.673
凌霄泵业,002884.SZ,20190514,28.4,14.1472,3.0189,1.8121,12042.9248,342019.0643
凌霄泵业,002884.SZ,20190513,29.04,14.466,3.0869,1.7721,12042.9248,349726.5362
凌霄泵业,002884.SZ,20190510,29.56,14.725,3.1422,1.741,12042.9248,355988.8571
凌霄泵业,002884.SZ,20190509,29.0,14.446,3.0826,1.7746,12042.9248,349244.8192
凌霄泵业,002884.SZ,20190508,29.53,14.7101,3.139,1.7427,12042.9248,355627.5693
凌霄泵业,002884.SZ,20190507,29.1,14.4959,3.0933,1.7685,12042.9248,350449.1117
凌霄泵业,002884.SZ,20190506,28.77,14.3315,3.0582,1.7888,12042.9248,346474.9465
凌霄泵业,002884.SZ,20190430,29.46,14.6752,3.1315,1.7469,12042.9248,354784.5646
凌霄泵业,002884.SZ,20190429,28.03,13.9629,2.9795,1.836,12042.9248,337563.1821
凌霄泵业,002884.SZ,20190426,27.2,14.6778,2.966,1.892,12042.9248,327567.5546
凌霄泵业,002884.SZ,20190425,28.24,15.2391,3.0794,1.8223,12042.9248,340092.1964
凌霄泵业,002884.SZ,20190424,28.73,15.5035,3.1328,1.7912,12042.9248,345993.2295
凌霄泵业,002884.SZ,20190423,28.59,15.4279,3.1175,1.8,12042.9248,344307.22
凌霄泵业,002884.SZ,20190422,28.6,15.4333,3.1186,1.7994,12042.9248,344427.6493
凌霄泵业,002884.SZ,20190419,28.84,15.5628,3.1448,1.7844,12042.9248,347317.9512
凌霄泵业,002884.SZ,20190418,29.09,15.6977,3.1721,1.7691,12042.9248,350328.6824
凌霄泵业,002884.SZ,20190417,29.27,15.7949,3.1917,1.7582,12042.9248,352496.4089
凌霄泵业,002884.SZ,20190416,29.28,15.8003,3.1928,1.7576,12042.9248,352616.8381
凌霄泵业,002884.SZ,20190415,28.7,15.4873,3.1295,1.7931,12042.9248,345631.9418
凌霄泵业,002884.SZ,20190412,29.26,15.7895,3.1906,1.7588,12042.9248,352375.9796
凌霄泵业,002884.SZ,20190411,29.98,16.178,3.2691,1.7166,12042.9248,361046.8855
凌霄泵业,002884.SZ,20190410,30.5,16.4586,3.3258,1.6873,12042.9248,367309.2064
凌霄泵业,002884.SZ,20190409,30.48,16.4478,3.3236,1.6884,12042.9248,367068.3479
凌霄泵业,002884.SZ,20190408,29.87,16.1186,3.2571,1.7229,12042.9248,359722.1638
凌霄泵业,002884.SZ,20190404,29.68,16.0161,3.2364,1.7339,12042.9248,357434.0081
凌霄泵业,002884.SZ,20190403,29.3,15.8111,3.195,1.7564,12042.9248,352857.6966
凌霄泵业,002884.SZ,20190402,30.93,16.6906,3.3727,1.6638,12042.9248,372487.6641
凌霄泵业,002884.SZ,20190401,30.96,16.7068,3.376,1.6622,12042.9248,372848.9518
凌霄泵业,002884.SZ,20190329,30.26,16.3291,3.2996,1.7007,12042.9248,364418.9044
凌霄泵业,002884.SZ,20190328,29.66,16.0053,3.2342,1.7351,12042.9248,357193.1496
凌霄泵业,002884.SZ,20190327,30.48,16.4478,3.3236,1.6884,12042.9248,367068.3479
凌霄泵业,002884.SZ,20190326,30.53,16.4748,3.3291,1.6856,12042.9248,367670.4941
凌霄泵业,002884.SZ,20190325,31.77,17.1439,3.4643,1.6198,12042.9248,382603.7209
凌霄泵业,002884.SZ,20190322,31.01,16.7338,3.3814,1.6595,12042.9248,373451.098
凌霄泵业,002884.SZ,20190321,30.3,16.3507,3.304,1.6984,12042.9248,364900.6214
凌霄泵业,002884.SZ,20190320,30.9,16.6745,3.3694,1.6655,12042.9248,372126.3763
凌霄泵业,002884.SZ,20190319,28.88,15.5844,3.1492,1.7819,12042.9248,347799.6682
凌霄泵业,002884.SZ,20190318,26.25,14.1652,2.8624,1.9605,12042.9248,316126.776
凌霄泵业,002884.SZ,20190315,26.39,14.2407,2.8776,1.9501,12042.9248,317812.7855
凌霄泵业,002884.SZ,20190314,24.98,13.4799,2.7239,2.0602,12042.9248,300832.2615
凌霄泵业,002884.SZ,20190313,25.54,13.7821,2.785,2.015,12042.9248,307576.2994
凌霄泵业,002884.SZ,20190312,25.55,13.7875,2.786,2.0142,12042.9248,307696.7286
凌霄泵业,002884.SZ,20190311,25.14,13.5662,2.7413,2.047,12042.9248,302759.1295
凌霄泵业,002884.SZ,20190308,24.48,13.2101,2.6694,2.1022,12042.9248,294810.7991
凌霄泵业,002884.SZ,20190307,25.7,13.8684,2.8024,2.0024,12042.9248,309503.1674
凌霄泵业,002884.SZ,20190306,24.71,13.3342,2.6944,2.0827,12042.9248,297580.6718
凌霄泵业,002884.SZ,20190305,24.5,13.2209,2.6716,2.1005,12042.9248,295051.6576
凌霄泵业,002884.SZ,20190304,24.25,13.0859,2.6443,2.1222,12042.9248,292040.9264
凌霄泵业,002884.SZ,20190301,24.13,13.0212,2.6312,2.1327,12042.9248,290595.7754
凌霄泵业,002884.SZ,20190228,24.13,13.0212,2.6312,2.1327,12042.9248,290595.7754
凌霄泵业,002884.SZ,20190227,23.74,12.8107,2.5887,2.1678,12042.9248,285899.0348
凌霄泵业,002884.SZ,20190226,23.6,13.1253,2.6402,2.1806,12042.9248,284213.0253
凌霄泵业,002884.SZ,20190225,23.75,13.2088,2.657,2.1668,12042.9248,286019.464
凌霄泵业,002884.SZ,20190222,22.92,12.7472,2.5642,2.2453,12042.9248,276023.8364
凌霄泵业,002884.SZ,20190221,22.68,12.6137,2.5373,2.2691,12042.9248,273133.5345
凌霄泵业,002884.SZ,20190220,22.92,12.7472,2.5642,2.2453,12042.9248,276023.8364
凌霄泵业,002884.SZ,20190219,22.8,12.6804,2.5507,2.2571,12042.9248,274578.6854
凌霄泵业,002884.SZ,20190218,22.86,12.7138,2.5575,2.2512,12042.9248,275301.2609
凌霄泵业,002884.SZ,20190215,22.12,12.3022,2.4747,2.3265,12042.9248,266389.4966
凌霄泵业,002884.SZ,20190214,22.29,12.3968,2.4937,2.3088,12042.9248,268436.7938
凌霄泵业,002884.SZ,20190213,22.24,12.369,2.4881,2.314,12042.9248,267834.6476
凌霄泵业,002884.SZ,20190212,21.97,12.2188,2.4579,2.3424,12042.9248,264583.0579
凌霄泵业,002884.SZ,20190211,21.7,12.0686,2.4277,2.3715,12042.9248,261331.4682
凌霄泵业,002884.SZ,20190201,21.26,11.8239,2.3785,2.4206,12042.9248,256032.5812
凌霄泵业,002884.SZ,20190131,20.86,11.6015,2.3337,2.467,12042.9248,251215.4113
凌霄泵业,002884.SZ,20190130,21.04,12.0439,2.4227,2.3764,12395.2,260795.008
凌霄泵业,002884.SZ,20190129,21.3,12.1927,2.4526,2.3474,12395.2,264017.76
凌霄泵业,002884.SZ,20190128,21.7,12.4217,2.4987,2.3041,12395.2,268975.84
凌霄泵业,002884.SZ,20190125,21.87,12.519,2.5183,2.2862,12395.2,271083.024
凌霄泵业,002884.SZ,20190124,21.99,12.5877,2.5321,2.2738,12395.2,272570.448
凌霄泵业,002884.SZ,20190123,22.05,12.622,2.539,2.2676,12395.2,273314.16
凌霄泵业,002884.SZ,20190122,21.88,12.5247,2.5194,2.2852,12395.2,271206.976
凌霄泵业,002884.SZ,20190121,22.11,12.6564,2.5459,2.2614,12395.2,274057.872
凌霄泵业,002884.SZ,20190118,22.09,12.6449,2.5436,2.2635,12395.2,273809.968
凌霄泵业,002884.SZ,20190117,22.02,12.6048,2.5355,2.2707,12395.2,272942.304
凌霄泵业,002884.SZ,20190116,22.15,12.6793,2.5505,2.2573,12395.2,274553.68
凌霄泵业,002884.SZ,20190115,22.16,12.685,2.5517,2.2563,12395.2,274677.632
凌霄泵业,002884.SZ,20190114,21.94,12.5591,2.5263,2.2789,12395.2,271950.688
凌霄泵业,002884.SZ,20190111,22.04,12.6163,2.5378,2.2686,12395.2,273190.208
凌霄泵业,002884.SZ,20190110,21.89,12.5304,2.5206,2.2841,12395.2,271330.928
凌霄泵业,002884.SZ,20190109,21.85,12.5075,2.516,2.2883,12395.2,270835.12
凌霄泵业,002884.SZ,20190108,21.88,12.5247,2.5194,2.2852,12395.2,271206.976
凌霄泵业,002884.SZ,20190107,21.77,12.4617,2.5068,2.2967,12395.2,269843.504
凌霄泵业,002884.SZ,20190104,21.87,12.519,2.5183,2.2862,12395.2,271083.024
凌霄泵业,002884.SZ,20190103,21.15,12.1068,2.4354,2.3641,12395.2,262158.48
凌霄泵业,002884.SZ,20190102,20.93,11.9809,2.41,2.3889,12395.2,259431.536
凌霄泵业,002884.SZ,20181228,20.73,11.8664,2.387,2.412,12395.2,256952.496
凌霄泵业,002884.SZ,20181227,20.48,11.7233,2.3582,2.4414,12395.2,253853.696
凌霄泵业,002884.SZ,20181226,20.92,11.9752,2.4089,2.3901,12395.2,259307.584
凌霄泵业,002884.SZ,20181225,21.15,12.1068,2.4354,2.3641,12395.2,262158.48
凌霄泵业,002884.SZ,20181224,21.16,12.1126,2.4365,2.3629,12395.2,262282.432
凌霄泵业,002884.SZ,20181221,20.95,11.9923,2.4123,2.3866,12395.2,259679.44
凌霄泵业,002884.SZ,20181220,21.2,12.1355,2.4411,2.3585,12395.2,262778.24
凌霄泵业,002884.SZ,20181219,21.02,12.0324,2.4204,2.3787,12395.2,260547.104
凌霄泵业,002884.SZ,20181218,21.25,12.1641,2.4469,2.3529,12395.2,263398.0
凌霄泵业,002884.SZ,20181217,21.44,12.2728,2.4688,2.3321,12395.2,265753.088
凌霄泵业,002884.SZ,20181214,21.48,12.2957,2.4734,2.3277,12395.2,266248.896
凌霄泵业,002884.SZ,20181213,21.93,12.5533,2.5252,2.28,12395.2,271826.736
凌霄泵业,002884.SZ,20181212,21.62,12.3759,2.4895,2.3127,12395.2,267984.224
凌霄泵业,002884.SZ,20181211,21.58,12.353,2.4849,2.317,12395.2,267488.416
凌霄泵业,002884.SZ,20181210,21.67,12.4045,2.4952,2.3073,12395.2,268603.984
凌霄泵业,002884.SZ,20181207,22.05,12.622,2.539,2.2676,12395.2,273314.16
凌霄泵业,002884.SZ,20181206,21.95,12.5648,2.5275,2.2779,12395.2,272074.64
凌霄泵业,002884.SZ,20181205,22.6,12.9369,2.6023,2.2124,12395.2,280131.52
凌霄泵业,002884.SZ,20181204,22.79,13.0456,2.6242,2.1939,12395.2,282486.608
凌霄泵业,002884.SZ,20181203,22.0,12.5934,2.5332,2.2727,12395.2,272694.4
凌霄泵业,002884.SZ,20181130,21.3,12.1927,2.4526,2.3474,12395.2,264017.76
凌霄泵业,002884.SZ,20181129,21.39,12.2442,2.463,2.3375,12395.2,265133.328
凌霄泵业,002884.SZ,20181128,21.72,12.4331,2.501,2.302,12395.2,269223.744
凌霄泵业,002884.SZ,20181127,21.55,12.3358,2.4814,2.3202,12395.2,267116.56
凌霄泵业,002884.SZ,20181126,21.95,12.5648,2.5275,2.2779,12395.2,272074.64
凌霄泵业,002884.SZ,20181123,21.53,12.3244,2.4791,2.3223,12395.2,266868.656
凌霄泵业,002884.SZ,20181122,22.2,12.7079,2.5563,2.2523,12395.2,275173.44
凌霄泵业,002884.SZ,20181121,21.86,12.5133,2.5171,2.2873,12395.2,270959.072
凌霄泵业,002884.SZ,20181120,21.5,12.3072,2.4757,2.3256,12395.2,266496.8
凌霄泵业,002884.SZ,20181119,22.15,12.6793,2.5505,2.2573,12395.2,274553.68
凌霄泵业,002884.SZ,20181116,22.14,12.6735,2.5494,2.2584,12395.2,274429.728
凌霄泵业,002884.SZ,20181115,22.12,12.6621,2.5471,2.2604,12395.2,274181.824
凌霄泵业,002884.SZ,20181114,21.3,12.1927,2.4526,2.3474,12395.2,264017.76
凌霄泵业,002884.SZ,20181113,21.22,12.1469,2.4434,2.3563,12395.2,263026.144
凌霄泵业,002884.SZ,20181112,20.79,11.9008,2.3939,2.405,12395.2,257696.208
凌霄泵业,002884.SZ,20181109,19.97,11.4314,2.2995,2.5038,12395.2,247532.144
凌霄泵业,002884.SZ,20181108,19.95,11.4199,2.2972,2.5063,12395.2,247284.24
凌霄泵业,002884.SZ,20181107,20.21,11.5688,2.3271,2.474,12395.2,250506.992
凌霄泵业,002884.SZ,20181106,20.25,11.5916,2.3317,2.4691,12395.2,251002.8
凌霄泵业,002884.SZ,20181105,20.63,11.8092,2.3755,2.4237,12395.2,255712.976
凌霄泵业,002884.SZ,20181102,20.68,11.8378,2.3812,2.4178,12395.2,256332.736
凌霄泵业,002884.SZ,20181101,20.24,11.5859,2.3306,2.4704,12395.2,250878.848
凌霄泵业,002884.SZ,20181031,20.5,11.7348,2.3605,2.439,12395.2,254101.6
凌霄泵业,002884.SZ,20181030,20.35,11.6489,2.3432,2.457,12395.2,252242.32
凌霄泵业,002884.SZ,20181029,20.0,11.4485,2.3029,2.5,12395.2,247904.0
凌霄泵业,002884.SZ,20181026,19.43,11.1223,2.2373,2.5733,12395.2,240838.736
凌霄泵业,002884.SZ,20181025,19.25,11.5468,2.2591,2.5974,12395.2,238607.6
凌霄泵业,002884.SZ,20181024,19.51,11.7028,2.2896,2.5628,12395.2,241830.352
凌霄泵业,002884.SZ,20181023,19.4,11.6368,2.2767,2.5773,12395.2,240466.88
凌霄泵业,002884.SZ,20181022,19.56,11.7327,2.2955,2.5562,12395.2,242450.112
凌霄泵业,002884.SZ,20181019,18.66,11.1929,2.1899,2.6795,12395.2,231294.432
凌霄泵业,002884.SZ,20181018,18.1,10.857,2.1241,2.7624,12395.2,224353.12
凌霄泵业,002884.SZ,20181017,18.45,11.0669,2.1652,2.71,12395.2,228691.44
凌霄泵业,002884.SZ,20181016,18.39,11.0309,2.1582,2.7189,12395.2,227947.728
凌霄泵业,002884.SZ,20181015,18.44,11.0609,2.164,2.7115,12395.2,228567.488
凌霄泵业,002884.SZ,20181012,18.03,10.815,2.1159,2.7732,12395.2,223485.456
凌霄泵业,002884.SZ,20181011,18.21,10.923,2.1371,2.7457,12395.2,225716.592
凌霄泵业,002884.SZ,20181010,19.37,11.6188,2.2732,2.5813,12395.2,240095.024
凌霄泵业,002884.SZ,20181009,19.15,11.4868,2.2474,2.611,12395.2,237368.08
凌霄泵业,002884.SZ,20181008,19.14,11.4808,2.2462,2.6123,12395.2,237244.128
凌霄泵业,002884.SZ,20180928,19.84,11.9007,2.3283,2.5202,12395.2,245920.768
凌霄泵业,002884.SZ,20180927,19.9,11.9367,2.3354,2.5126,12395.2,246664.48
凌霄泵业,002884.SZ,20180926,19.91,11.9427,2.3366,2.5113,12395.2,246788.432
凌霄泵业,002884.SZ,20180925,19.9,11.9367,2.3354,2.5126,12395.2,246664.48
凌霄泵业,002884.SZ,20180921,20.05,12.0267,2.353,2.4938,12395.2,248523.76
凌霄泵业,002884.SZ,20180920,19.8,11.8767,2.3236,2.5253,12395.2,245424.96
凌霄泵业,002884.SZ,20180919,19.76,11.8527,2.319,2.5304,12395.2,244929.152
凌霄泵业,002884.SZ,20180918,19.47,11.6788,2.2849,2.5681,12395.2,241334.544
凌霄泵业,002884.SZ,20180917,19.13,11.4748,2.245,2.6137,12395.2,237120.176
凌霄泵业,002884.SZ,20180914,19.75,11.8467,2.3178,2.5316,12395.2,244805.2
凌霄泵业,002884.SZ,20180913,20.0,11.9967,2.3471,2.5,12395.2,247904.0
凌霄泵业,002884.SZ,20180912,20.0,11.9967,2.3471,2.5,12395.2,247904.0
凌霄泵业,002884.SZ,20180911,19.74,11.8407,2.3166,2.5329,12395.2,244681.248
凌霄泵业,002884.SZ,20180910,19.62,11.7687,2.3025,2.5484,12395.2,243193.824
凌霄泵业,002884.SZ,20180907,19.74,11.8407,2.3166,2.5329,12395.2,244681.248
凌霄泵业,002884.SZ,20180906,19.65,11.7867,2.306,2.5445,12395.2,243565.68
凌霄泵业,002884.SZ,20180905,19.72,11.8287,2.3143,2.5355,12395.2,244433.344
凌霄泵业,002884.SZ,20180904,20.25,12.1466,2.3765,2.4691,12395.2,251002.8
凌霄泵业,002884.SZ,20180903,19.75,11.8467,2.3178,2.5316,12395.2,244805.2
凌霄泵业,002884.SZ,20180831,19.82,11.8887,2.326,2.5227,12395.2,245672.864
凌霄泵业,002884.SZ,20180830,19.7,11.8167,2.3119,2.5381,12395.2,244185.44
凌霄泵业,002884.SZ,20180829,19.93,11.9547,2.3389,2.5088,12395.2,247036.336
凌霄泵业,002884.SZ,20180828,20.31,13.2195,2.5175,2.4618,12395.2,251746.512
凌霄泵业,002884.SZ,20180827,20.35,13.2455,2.5224,2.457,12395.2,252242.32
凌霄泵业,002884.SZ,20180824,19.77,12.868,2.4505,2.5291,12395.2,245053.104
凌霄泵业,002884.SZ,20180823,19.43,12.6467,2.4084,2.5733,12395.2,240838.736
凌霄泵业,002884.SZ,20180822,18.89,12.2952,2.3415,2.6469,12395.2,234145.328
凌霄泵业,002884.SZ,20180821,19.24,12.523,2.3848,2.5988,12395.2,238483.648
凌霄泵业,002884.SZ,20180820,19.17,12.4775,2.3762,2.6082,12395.2,237615.984
凌霄泵业,002884.SZ,20180817,19.3,12.5621,2.3923,2.5907,12395.2,239227.36
凌霄泵业,002884.SZ,20180816,20.0,13.0177,2.4791,2.5,12395.2,247904.0
凌霄泵业,002884.SZ,20180815,20.02,13.0307,2.4815,2.4975,12395.2,248151.904
凌霄泵业,002884.SZ,20180814,21.15,13.7662,2.6216,2.3641,12395.2,262158.48
凌霄泵业,002884.SZ,20180813,21.47,13.9745,2.6613,2.3288,12395.2,266124.944
凌霄泵业,002884.SZ,20180810,21.1,13.7337,2.6154,2.3697,12395.2,261538.72
凌霄泵业,002884.SZ,20180809,21.16,13.7727,2.6228,2.3629,12395.2,262282.432
凌霄泵业,002884.SZ,20180808,20.36,13.252,2.5237,2.4558,12395.2,252366.272
凌霄泵业,002884.SZ,20180807,21.25,13.8313,2.634,2.3529,12395.2,263398.0
凌霄泵业,002884.SZ,20180806,20.59,13.4017,2.5522,2.4284,12395.2,255217.168
凌霄泵业,002884.SZ,20180803,21.87,14.2349,2.7108,2.2862,12395.2,271083.024
凌霄泵业,002884.SZ,20180802,22.38,14.5668,2.7741,2.2341,12395.2,277404.576
凌霄泵业,002884.SZ,20180801,23.04,14.9964,2.8559,2.1701,12395.2,285585.408
凌霄泵业,002884.SZ,20180731,23.72,15.439,2.9402,2.1079,12395.2,294014.144
凌霄泵业,002884.SZ,20180730,23.45,15.2633,2.9067,2.1322,12395.2,290667.44
凌霄泵业,002884.SZ,20180727,23.74,15.452,2.9426,2.1061,12395.2,294262.048
凌霄泵业,002884.SZ,20180726,23.98,15.6082,2.9724,2.0851,12395.2,297236.896
凌霄泵业,002884.SZ,20180725,23.79,15.4846,2.9488,2.1017,12395.2,294881.808
凌霄泵业,002884.SZ,20180724,24.11,15.6929,2.9885,2.0738,12395.2,298848.272
凌霄泵业,002884.SZ,20180723,23.25,15.1331,2.8819,2.1505,12395.2,288188.4
凌霄泵业,002884.SZ,20180720,23.25,15.1331,2.8819,2.1505,12395.2,288188.4
凌霄泵业,002884.SZ,20180719,22.94,14.9313,2.8435,2.1796,12395.2,284345.888
凌霄泵业,002884.SZ,20180718,23.35,15.1982,2.8943,2.1413,12395.2,289427.92
凌霄泵业,002884.SZ,20180717,23.55,15.3284,2.9191,2.1231,12395.2,291906.96
凌霄泵业,002884.SZ,20180716,23.65,15.3934,2.9315,2.1142,12395.2,293146.48
凌霄泵业,002884.SZ,20180713,23.56,15.3349,2.9203,2.1222,12395.2,292030.912
凌霄泵业,002884.SZ,20180712,23.95,15.5887,2.9687,2.0877,12395.2,296865.04
凌霄泵业,002884.SZ,20180711,23.35,15.1982,2.8943,2.1413,12395.2,289427.92
凌霄泵业,002884.SZ,20180710,24.06,15.6603,2.9823,2.0781,12395.2,298228.512
凌霄泵业,002884.SZ,20180709,24.0,15.6213,2.9749,2.0833,12395.2,297484.8
凌霄泵业,002884.SZ,20180706,23.68,15.413,2.9352,2.1115,12395.2,293518.336
凌霄泵业,002884.SZ,20180705,23.6,15.3609,2.9253,2.1186,12395.2,292526.72
凌霄泵业,002884.SZ,20180704,24.73,16.0964,3.0653,2.0218,12395.2,306533.296
凌霄泵业,002884.SZ,20180703,26.81,17.4502,3.3232,1.865,12395.2,332315.312
凌霄泵业,002884.SZ,20180702,27.1,17.639,3.3591,1.845,12395.2,335909.92
凌霄泵业,002884.SZ,20180629,45.94,18.6886,3.559,,7747.0,355897.18
凌霄泵业,002884.SZ,20180628,45.09,18.3428,3.4931,,7747.0,349312.23
凌霄泵业,002884.SZ,20180627,44.98,18.298,3.4846,,7747.0,348460.06
凌霄泵业,002884.SZ,20180626,45.28,18.4201,3.5079,,7747.0,350784.16
凌霄泵业,002884.SZ,20180625,44.25,18.0011,3.4281,,7747.0,342804.75
凌霄泵业,002884.SZ,20180622,44.25,18.0011,3.4281,,7747.0,342804.75
凌霄泵业,002884.SZ,20180621,43.35,17.6349,3.3583,,7747.0,335832.45
凌霄泵业,002884.SZ,20180620,45.06,18.3306,3.4908,,7747.0,349079.82
凌霄泵业,002884.SZ,20180619,43.98,17.8912,3.4071,,7747.0,340713.06
凌霄泵业,002884.SZ,20180615,48.31,19.6527,3.7426,,7747.0,374257.57
凌霄泵业,002884.SZ,20180614,50.79,20.6616,3.9347,,7747.0,393470.13
凌霄泵业,002884.SZ,20180613,50.95,20.7266,3.9471,,7747.0,394709.65
凌霄泵业,002884.SZ,20180612,51.46,20.9341,3.9866,,7747.0,398660.62
凌霄泵业,002884.SZ,20180611,50.83,20.6778,3.9378,,7747.0,393780.01
凌霄泵业,002884.SZ,20180608,51.0,20.747,3.951,,7747.0,395097.0
凌霄泵业,002884.SZ,20180607,51.28,20.8609,3.9727,,7747.0,397266.16
凌霄泵业,002884.SZ,20180606,51.95,21.1334,4.0246,,7747.0,402456.65
凌霄泵业,002884.SZ,20180605,51.58,20.9829,3.9959,,7747.0,399590.26
凌霄泵业,002884.SZ,20180604,50.58,20.5761,3.9185,,7747.0,391843.26
凌霄泵业,002884.SZ,20180601,50.25,20.4419,3.8929,,7747.0,389286.75
凌霄泵业,002884.SZ,20180531,50.81,20.6697,3.9363,,7747.0,393625.07
凌霄泵业,002884.SZ,20180530,50.0,20.3402,3.8735,,7747.0,387350.0
凌霄泵业,002884.SZ,20180529,53.95,21.9471,4.1795,,7747.0,417950.65
凌霄泵业,002884.SZ,20180528,54.96,22.3579,4.2578,,7747.0,425775.12
凌霄泵业,002884.SZ,20180525,54.7,22.2522,4.2376,,7747.0,423760.9
凌霄泵业,002884.SZ,20180524,54.0,21.9674,4.1834,,7747.0,418338.0
凌霄泵业,002884.SZ,20180523,53.8,21.886,4.1679,,7747.0,416788.6
凌霄泵业,002884.SZ,20180522,54.55,22.1911,4.226,,7747.0,422598.85
凌霄泵业,002884.SZ,20180521,54.21,22.0528,4.1997,,7747.0,419964.87
凌霄泵业,002884.SZ,20180518,53.26,21.6664,4.1261,,7747.0,412605.22
凌霄泵业,002884.SZ,20180517,52.74,21.4548,4.0858,,7747.0,408576.78
凌霄泵业,002884.SZ,20180516,52.77,21.467,4.0881,,7747.0,408809.19
凌霄泵业,002884.SZ,20180515,53.55,21.7843,4.1485,,7747.0,414851.85
凌霄泵业,002884.SZ,20180514,52.92,21.528,4.0997,,7747.0,409971.24
凌霄泵业,002884.SZ,20180511,53.5,21.764,4.1447,,7747.0,414464.5
凌霄泵业,002884.SZ,20180510,54.98,22.3661,4.2593,,7747.0,425930.06
凌霄泵业,002884.SZ,20180509,54.46,22.1545,4.219,,7747.0,421901.62
凌霄泵业,002884.SZ,20180508,54.27,22.0772,4.2043,,7747.0,420429.69
凌霄泵业,002884.SZ,20180507,54.16,22.0325,4.1958,,7747.0,419577.52
凌霄泵业,002884.SZ,20180504,52.62,21.406,4.0765,,7747.0,407647.14
凌霄泵业,002884.SZ,20180503,53.24,21.6582,4.1245,,7747.0,412450.28
凌霄泵业,002884.SZ,20180502,51.73,21.0439,4.0075,,7747.0,400752.31
凌霄泵业,002884.SZ,20180427,52.6,21.633,4.1425,,7747.0,407492.2
凌霄泵业,002884.SZ,20180426,51.48,21.1724,4.0543,,7747.0,398815.56
凌霄泵业,002884.SZ,20180425,53.71,22.0895,4.2299,,7747.0,416091.37
凌霄泵业,002884.SZ,20180424,55.27,22.7311,4.3528,,7747.0,428176.69
凌霄泵业,002884.SZ,20180423,53.39,21.9579,4.2047,,7747.0,413612.33
凌霄泵业,002884.SZ,20180420,54.03,22.3026,4.2551,,7747.0,418570.41
凌霄泵业,002884.SZ,20180419,56.27,23.2272,4.4315,,7747.0,435923.69
凌霄泵业,002884.SZ,20180418,53.9,22.2489,4.2449,,7747.0,417563.3
凌霄泵业,002884.SZ,20180417,53.2,21.96,4.1897,,7747.0,412140.4
凌霄泵业,002884.SZ,20180416,55.51,22.9135,4.3717,,7747.0,430035.97
凌霄泵业,002884.SZ,20180413,55.82,23.0415,4.3961,,7747.0,432437.54
凌霄泵业,002884.SZ,20180412,54.59,22.5338,4.2992,,7747.0,422908.73
凌霄泵业,002884.SZ,20180411,54.98,22.6948,4.3299,,7747.0,425930.06
凌霄泵业,002884.SZ,20180410,52.27,21.5761,4.1165,,7747.0,404935.69
凌霄泵业,002884.SZ,20180409,52.2,21.5472,4.111,,7747.0,404393.4
凌霄泵业,002884.SZ,20180404,52.78,21.7866,4.1567,,7747.0,408886.66
凌霄泵业,002884.SZ,20180403,53.19,21.9559,4.189,,7747.0,412062.93
凌霄泵业,002884.SZ,20180402,52.01,21.4688,4.096,,7747.0,402921.47
凌霄泵业,002884.SZ,20180330,52.51,21.6752,4.1354,,7747.0,406794.97
凌霄泵业,002884.SZ,20180329,51.75,21.3615,4.0755,,7747.0,400907.25
凌霄泵业,002884.SZ,20180328,50.65,20.9074,3.9889,,7747.0,392385.55
凌霄泵业,002884.SZ,20180327,50.1,20.6804,3.9456,,7747.0,388124.7
凌霄泵业,002884.SZ,20180326,49.0,20.2263,3.859,,7747.0,379603.0
凌霄泵业,002884.SZ,20180323,48.34,19.9539,3.807,,7747.0,374489.98
凌霄泵业,002884.SZ,20180322,51.58,21.2913,4.0622,,7747.0,399590.26
凌霄泵业,002884.SZ,20180321,50.99,21.0478,4.0157,,7747.0,395019.53
凌霄泵业,002884.SZ,20180320,51.64,21.3161,4.0669,,7747.0,400055.08
凌霄泵业,002884.SZ,20180319,51.14,21.1097,4.0275,,7747.0,396181.58
凌霄泵业,002884.SZ,20180316,50.46,20.829,3.974,,7747.0,390913.62
凌霄泵业,002884.SZ,20180315,50.12,20.6886,3.9472,,7747.0,388279.64
凌霄泵业,002884.SZ,20180314,52.09,21.5018,4.1023,,7747.0,403541.23
凌霄泵业,002884.SZ,20180313,51.85,21.4027,4.0834,,7747.0,401681.95
凌霄泵业,002884.SZ,20180312,52.86,21.8197,4.163,,7747.0,409506.42
凌霄泵业,002884.SZ,20180309,52.97,21.8651,4.1716,,7747.0,410358.59
凌霄泵业,002884.SZ,20180308,52.9,21.8362,4.1661,,7747.0,409816.3
凌霄泵业,002884.SZ,20180307,51.47,21.2459,4.0535,,7747.0,398738.09
凌霄泵业,002884.SZ,20180306,50.98,21.0436,4.0149,,7747.0,394942.06
凌霄泵业,002884.SZ,20180305,50.47,20.8331,3.9747,,7747.0,390991.09
凌霄泵业,002884.SZ,20180302,50.07,20.668,3.9432,,7747.0,387892.29
凌霄泵业,002884.SZ,20180301,50.72,20.9363,3.9944,,7747.0,392927.84
凌霄泵业,002884.SZ,20180228,49.88,20.5896,3.9283,,7747.0,386420.36
凌霄泵业,002884.SZ,20180227,50.2,20.7217,3.9535,,7747.0,388899.4
凌霄泵业,002884.SZ,20180226,48.85,22.5118,4.0285,,7747.0,378440.95
凌霄泵业,002884.SZ,20180223,47.63,21.9496,3.9279,,7747.0,368989.61
凌霄泵业,002884.SZ,20180222,47.15,21.7284,3.8883,,7747.0,365271.05
凌霄泵业,002884.SZ,20180214,46.66,21.5026,3.8479,,7747.0,361475.02
凌霄泵业,002884.SZ,20180213,46.58,21.4657,3.8413,,7747.0,360855.26
凌霄泵业,002884.SZ,20180212,46.97,21.6455,3.8734,,7747.0,363876.59
凌霄泵业,002884.SZ,20180209,46.05,21.2215,3.7976,,7747.0,356749.35
凌霄泵业,002884.SZ,20180208,46.5,21.4289,3.8347,,7747.0,360235.5
凌霄泵业,002884.SZ,20180207,46.06,21.2261,3.7984,,7747.0,356826.82
凌霄泵业,002884.SZ,20180206,46.0,21.1985,3.7934,,7747.0,356362.0
凌霄泵业,002884.SZ,20180205,48.79,22.4842,4.0235,,7747.0,377976.13
凌霄泵业,002884.SZ,20180202,49.94,23.0141,4.1184,,7747.0,386885.18
凌霄泵业,002884.SZ,20180201,49.96,23.0234,4.12,,7747.0,387040.12
凌霄泵业,002884.SZ,20180131,51.38,23.6777,4.2371,,7747.0,398040.86
凌霄泵业,002884.SZ,20180130,52.35,24.1248,4.3171,,7747.0,405555.45
凌霄泵业,002884.SZ,20180129,51.13,23.5625,4.2165,,7747.0,396104.11
凌霄泵业,002884.SZ,20180126,50.88,23.4473,4.1959,,7747.0,394167.36
凌霄泵业,002884.SZ,20180125,51.3,23.6409,4.2305,,7747.0,397421.1
凌霄泵业,002884.SZ,20180124,51.69,23.8206,4.2627,,7747.0,400442.43
凌霄泵业,002884.SZ,20180123,51.58,23.7699,4.2536,,7747.0,399590.26
凌霄泵业,002884.SZ,20180122,51.81,23.8759,4.2726,,7747.0,401372.07
凌霄泵业,002884.SZ,20180119,51.4,23.687,4.2388,,7747.0,398195.8
凌霄泵业,002884.SZ,20180118,51.45,23.71,4.2429,,7747.0,398583.15
凌霄泵业,002884.SZ,20180117,50.89,23.4519,4.1967,,7747.0,394244.83
凌霄泵业,002884.SZ,20180116,49.78,22.9404,4.1052,,7747.0,385645.66
凌霄泵业,002884.SZ,20180115,49.13,22.6409,4.0516,,7747.0,380610.11
凌霄泵业,002884.SZ,20180112,51.18,23.5856,4.2206,,7747.0,396491.46
凌霄泵业,002884.SZ,20180111,51.69,23.8206,4.2627,,7747.0,400442.43
凌霄泵业,002884.SZ,20180110,51.18,23.5856,4.2206,,7747.0,396491.46
凌霄泵业,002884.SZ,20180109,52.6,24.24,4.3377,,7747.0,407492.2
凌霄泵业,002884.SZ,20180108,52.65,24.263,4.3418,,7747.0,407879.55
凌霄泵业,002884.SZ,20180105,53.02,24.4335,4.3724,,7747.0,410745.94
凌霄泵业,002884.SZ,20180104,52.47,24.1801,4.327,,7747.0,406485.09
凌霄泵业,002884.SZ,20180103,52.72,24.2953,4.3476,,7747.0,408421.84
凌霄泵业,002884.SZ,20180102,52.69,24.2814,4.3451,,7747.0,408189.43
凌霄泵业,002884.SZ,20171229,52.82,24.3414,4.3559,,7747.0,409196.54
凌霄泵业,002884.SZ,20171228,52.21,24.0602,4.3056,,7747.0,404470.87
凌霄泵业,002884.SZ,20171227,51.7,23.8252,4.2635,,7747.0,400519.9
凌霄泵业,002884.SZ,20171226,52.11,24.0142,4.2973,,7747.0,403696.17
凌霄泵业,002884.SZ,20171225,50.58,23.3091,4.1711,,7747.0,391843.26
凌霄泵业,002884.SZ,20171222,51.3,23.6409,4.2305,,7747.0,397421.1
凌霄泵业,002884.SZ,20171221,51.32,23.6501,4.2322,,7747.0,397576.04
凌霄泵业,002884.SZ,20171220,50.68,23.3552,4.1794,,7747.0,392617.96
凌霄泵业,002884.SZ,20171219,52.1,24.0096,4.2965,,7747.0,403618.7
凌霄泵业,002884.SZ,20171218,51.4,23.687,4.2388,,7747.0,398195.8
凌霄泵业,002884.SZ,20171215,51.8,23.8713,4.2717,,7747.0,401294.6
凌霄泵业,002884.SZ,20171214,52.28,24.0925,4.3113,,7747.0,405013.16
凌霄泵业,002884.SZ,20171213,52.71,24.2907,4.3468,,7747.0,408344.37
凌霄泵业,002884.SZ,20171212,52.06,23.9911,4.2932,,7747.0,403308.82
凌霄泵业,002884.SZ,20171211,53.74,24.7653,4.4317,,7747.0,416323.78
凌霄泵业,002884.SZ,20171208,53.55,24.6778,4.4161,,7747.0,414851.85
凌霄泵业,002884.SZ,20171207,52.25,24.0787,4.3089,,7747.0,404780.75
凌霄泵业,002884.SZ,20171206,52.41,24.1524,4.3221,,7747.0,406020.27
凌霄泵业,002884.SZ,20171205,50.99,23.498,4.2049,,7747.0,395019.53
凌霄泵业,002884.SZ,20171204,54.13,24.945,4.4639,,7747.0,419345.11
凌霄泵业,002884.SZ,20171201,59.28,27.3184,4.8886,,7747.0,459242.16
凌霄泵业,002884.SZ,20171130,58.99,27.1847,4.8647,,7747.0,456995.53
凌霄泵业,002884.SZ,20171129,59.32,27.3368,4.8919,,7747.0,459552.04
凌霄泵业,002884.SZ,20171128,58.81,27.1018,4.8498,,7747.0,455601.07
凌霄泵业,002884.SZ,20171127,57.57,26.5303,4.7476,,7747.0,445994.79
凌霄泵业,002884.SZ,20171124,62.01,28.5764,5.1137,,7747.0,480391.47
凌霄泵业,002884.SZ,20171123,61.7,28.4336,5.0882,,7747.0,477989.9
凌霄泵业,002884.SZ,20171122,61.52,28.3506,5.0733,,7747.0,476595.44
凌霄泵业,002884.SZ,20171121,61.83,28.4935,5.0989,,7747.0,478997.01
凌霄泵业,002884.SZ,20171120,63.02,29.0419,5.197,,7747.0,488215.94
凌霄泵业,002884.SZ,20171117,59.71,27.5165,4.9241,,7747.0,462573.37
凌霄泵业,002884.SZ,20171116,63.79,29.3967,5.2605,,7747.0,494181.13
凌霄泵业,002884.SZ,20171115,67.9,31.2908,5.5995,,7747.0,526021.3
凌霄泵业,002884.SZ,20171114,67.3,31.0143,5.55,,7747.0,521373.1
凌霄泵业,002884.SZ,20171113,68.25,31.4521,5.6283,,7747.0,528732.75
凌霄泵业,002884.SZ,20171110,65.47,30.1709,5.3991,,7747.0,507196.09
凌霄泵业,002884.SZ,20171109,65.17,30.0327,5.3743,,7747.0,504871.99
凌霄泵业,002884.SZ,20171108,63.34,29.1893,5.2234,,7747.0,490694.98
凌霄泵业,002884.SZ,20171107,62.88,28.9774,5.1855,,7747.0,487131.36
凌霄泵业,002884.SZ,20171106,63.92,29.4566,5.2712,,7747.0,495188.24
凌霄泵业,002884.SZ,20171103,62.84,28.9589,5.1822,,7747.0,486821.48
凌霄泵业,002884.SZ,20171102,65.01,29.9589,5.3611,,7747.0,503632.47
凌霄泵业,002884.SZ,20171101,65.26,30.0742,5.3817,,7747.0,505569.22
凌霄泵业,002884.SZ,20171031,64.95,29.9313,5.3562,,7747.0,503167.65
凌霄泵业,002884.SZ,20171030,63.0,29.0327,5.1954,,7747.0,488061.0
凌霄泵业,002884.SZ,20171027,64.79,29.8576,5.343,,7747.0,501928.13
凌霄泵业,002884.SZ,20171026,64.4,29.6778,5.3108,,7747.0,498906.8
凌霄泵业,002884.SZ,20171025,64.46,29.7055,5.3158,,7747.0,499371.62
凌霄泵业,002884.SZ,20171024,61.44,28.3138,5.0667,,7747.0,475975.68
凌霄泵业,002884.SZ,20171023,60.45,27.8575,4.9851,,7747.0,468306.15
凌霄泵业,002884.SZ,20171020,60.92,28.0741,5.0238,,7747.0,471947.24
凌霄泵业,002884.SZ,20171019,59.3,30.0954,5.2397,,7747.0,459397.1
凌霄泵业,002884.SZ,20171018,57.4,29.1311,5.0719,,7747.0,444677.8
凌霄泵业,002884.SZ,20171017,58.84,29.8619,5.1991,,7747.0,455833.48
凌霄泵业,002884.SZ,20171016,56.55,28.6997,4.9968,,7747.0,438092.85
凌霄泵业,002884.SZ,20171013,58.31,29.5929,5.1523,,7747.0,451727.57
凌霄泵业,002884.SZ,20171012,56.5,28.6744,4.9923,,7747.0,437705.5
凌霄泵业,002884.SZ,20171011,56.92,28.8875,5.0294,,7747.0,440959.24
凌霄泵业,002884.SZ,20171010,57.1,28.9789,5.0454,,7747.0,442353.7
凌霄泵业,002884.SZ,20171009,56.29,28.5678,4.9738,,7747.0,436078.63
凌霄泵业,002884.SZ,20170929,55.9,28.3698,4.9393,,7747.0,433057.3
凌霄泵业,002884.SZ,20170928,55.76,28.2988,4.9269,,7747.0,431972.72
凌霄泵业,002884.SZ,20170927,56.14,28.4916,4.9605,,7747.0,434916.58
凌霄泵业,002884.SZ,20170926,53.85,27.3294,4.7582,,7747.0,417175.95
凌霄泵业,002884.SZ,20170925,54.85,27.837,4.8465,,7747.0,424922.95
凌霄泵业,002884.SZ,20170922,55.27,28.0501,4.8837,,7747.0,428176.69
凌霄泵业,002884.SZ,20170921,54.94,27.8826,4.8545,,7747.0,425620.18
凌霄泵业,002884.SZ,20170920,55.56,28.1973,4.9093,,7747.0,430423.32
凌霄泵业,002884.SZ,20170919,54.98,27.9029,4.858,,7747.0,425930.06
凌霄泵业,002884.SZ,20170918,55.78,28.3089,4.9287,,7747.0,432127.66
凌霄泵业,002884.SZ,20170915,56.1,28.4713,4.957,,7747.0,434606.7
凌霄泵业,002884.SZ,20170914,55.83,28.3343,4.9331,,7747.0,432515.01
凌霄泵业,002884.SZ,20170913,55.7,28.2683,4.9216,,7747.0,431507.9
凌霄泵业,002884.SZ,20170912,55.31,28.0704,4.8872,,7747.0,428486.57
凌霄泵业,002884.SZ,20170911,57.29,29.0753,5.0621,,7747.0,443825.63
凌霄泵业,002884.SZ,20170908,55.9,28.3698,4.9393,,7747.0,433057.3
凌霄泵业,002884.SZ,20170907,55.41,28.1212,4.896,,7747.0,429261.27
凌霄泵业,002884.SZ,20170906,55.38,28.1059,4.8934,,7747.0,429028.86
凌霄泵业,002884.SZ,20170905,55.6,28.2176,4.9128,,7747.0,430733.2
凌霄泵业,002884.SZ,20170904,55.59,28.2125,4.9119,,7747.0,430655.73
凌霄泵业,002884.SZ,20170901,56.98,28.918,5.0347,,7747.0,441424.06
凌霄泵业,002884.SZ,20170831,58.29,29.5828,5.1505,,7747.0,451572.63
凌霄泵业,002884.SZ,20170830,56.26,28.5525,4.9711,,7747.0,435846.22
凌霄泵业,002884.SZ,20170829,57.85,29.3595,5.1116,,7747.0,448163.95
凌霄泵业,002884.SZ,20170828,57.86,29.3646,5.1125,,7747.0,448241.42
凌霄泵业,002884.SZ,20170825,54.75,27.7862,4.8377,,7747.0,424148.25
凌霄泵业,002884.SZ,20170824,53.5,27.1518,4.7273,,7747.0,414464.5
凌霄泵业,002884.SZ,20170823,54.56,27.6898,4.8209,,7747.0,422676.32
凌霄泵业,002884.SZ,20170822,55.1,27.9638,4.8686,,7747.0,426859.7
凌霄泵业,002884.SZ,20170821,53.98,27.3954,4.7697,,7747.0,418183.06
凌霄泵业,002884.SZ,20170818,52.52,26.6545,4.6407,,7747.0,406872.44
凌霄泵业,002884.SZ,20170817,52.3,26.5428,4.6212,,7747.0,405168.1
凌霄泵业,002884.SZ,20170816,53.36,27.0808,4.7149,,7747.0,413379.92
凌霄泵业,002884.SZ,20170815,50.9,25.8323,4.4975,,7747.0,394322.3
凌霄泵业,002884.SZ,20170814,51.49,26.5766,4.893,,7747.0,398893.03
凌霄泵业,002884.SZ,20170811,50.18,25.9005,4.7685,,7747.0,388744.46
凌霄泵业,002884.SZ,20170810,51.16,26.4063,4.8616,,7747.0,396336.52
凌霄泵业,002884.SZ,20170809,50.54,26.0863,4.8027,,7747.0,391533.38
凌霄泵业,002884.SZ,20170808,50.23,25.9263,4.7733,,7747.0,389131.81
凌霄泵业,002884.SZ,20170807,51.39,26.525,4.8835,,7747.0,398118.33
凌霄泵业,002884.SZ,20170804,51.2,26.4269,4.8654,,7747.0,396646.4
凌霄泵业,002884.SZ,20170803,53.44,27.5831,5.0783,,7747.0,413999.68
凌霄泵业,002884.SZ,20170802,50.88,26.2618,4.835,,7747.0,394167.36
凌霄泵业,002884.SZ,20170801,52.42,27.0566,4.9814,,7747.0,406097.74
凌霄泵业,002884.SZ,20170731,53.1,27.4076,5.046,,7747.0,411365.7
凌霄泵业,002884.SZ,20170728,51.46,26.5611,4.8901,,7747.0,398660.62
凌霄泵业,002884.SZ,20170727,51.08,26.365,4.854,,7747.0,395716.76
凌霄泵业,002884.SZ,20170726,50.0,25.8075,4.7514,,7747.0,387350.0
凌霄泵业,002884.SZ,20170725,50.1,25.8592,4.7609,,7747.0,388124.7
凌霄泵业,002884.SZ,20170724,51.2,26.4269,4.8654,,7747.0,396646.4
凌霄泵业,002884.SZ,20170721,50.68,26.1585,4.816,,7747.0,392617.96
凌霄泵业,002884.SZ,20170720,52.95,27.3302,5.0317,,7747.0,410203.65
凌霄泵业,002884.SZ,20170719,53.61,27.6709,5.0945,,7747.0,415316.67
凌霄泵业,002884.SZ,20170718,55.95,28.8786,5.3168,,7747.0,433444.65
凌霄泵业,002884.SZ,20170717,61.37,31.6762,5.8319,,7747.0,475433.39
凌霄泵业,002884.SZ,20170714,55.79,28.7961,5.3016,,7747.0,432205.13
凌霄泵业,002884.SZ,20170713,50.72,26.1792,4.8198,,7747.0,392927.84
凌霄泵业,002884.SZ,20170712,46.11,23.7997,4.3817,,7747.0,357214.17
凌霄泵业,002884.SZ,20170711,41.92,21.637,3.9836,,7747.0,324754.24
