,code,name,date,market_value,pe_ttm,price
0,sh601155,新城控股,2015-12-04,501.32,,
1,sh601155,新城控股,2015-12-07,451.27,,
2,sh601155,新城控股,2015-12-08,406.18,,
3,sh601155,新城控股,2015-12-09,446.83,,
4,sh601155,新城控股,2015-12-10,414.55,,
5,sh601155,新城控股,2015-12-11,386.02,,
6,sh601155,新城控股,2015-12-14,373.9,,
7,sh601155,新城控股,2015-12-15,386.88,,
8,sh601155,新城控股,2015-12-16,374.24,,
9,sh601155,新城控股,2015-12-17,382.09,,
10,sh601155,新城控股,2015-12-18,378.51,,
11,sh601155,新城控股,2015-12-21,373.55,,
12,sh601155,新城控股,2015-12-22,369.45,,
13,sh601155,新城控股,2015-12-23,370.31,,
14,sh601155,新城控股,2015-12-24,396.78,,
15,sh601155,新城控股,2015-12-25,381.41,,
16,sh601155,新城控股,2015-12-28,368.6,,
17,sh601155,新城控股,2015-12-29,375.43,,
18,sh601155,新城控股,2015-12-30,368.94,,
19,sh601155,新城控股,2015-12-31,346.91,,
20,sh601155,新城控股,2016-01-04,312.41,,
21,sh601155,新城控股,2016-01-05,299.25,,
22,sh601155,新城控股,2016-01-06,308.99,,
23,sh601155,新城控股,2016-01-07,278.07,,
24,sh601155,新城控股,2016-01-08,273.63,,
25,sh601155,新城控股,2016-01-11,246.3,,
26,sh601155,新城控股,2016-01-12,252.45,,
27,sh601155,新城控股,2016-01-13,243.91,,
28,sh601155,新城控股,2016-01-14,250.4,,
29,sh601155,新城控股,2016-01-15,233.15,,
30,sh601155,新城控股,2016-01-18,237.08,,
31,sh601155,新城控股,2016-01-19,247.5,,
32,sh601155,新城控股,2016-01-20,240.5,,
33,sh601155,新城控股,2016-01-21,231.27,,
34,sh601155,新城控股,2016-01-22,231.27,,
35,sh601155,新城控股,2016-01-25,241.69,,
36,sh601155,新城控股,2016-01-26,217.61,,
37,sh601155,新城控股,2016-01-27,210.6,,
38,sh601155,新城控股,2016-01-28,198.48,,
39,sh601155,新城控股,2016-01-29,208.38,,
40,sh601155,新城控股,2016-02-01,209.07,,
41,sh601155,新城控股,2016-02-02,216.07,,
42,sh601155,新城控股,2016-02-03,221.19,,
43,sh601155,新城控股,2016-02-04,225.12,,
44,sh601155,新城控股,2016-02-05,222.22,,
45,sh601155,新城控股,2016-02-15,217.78,11.86,8.42
46,sh601155,新城控股,2016-02-16,228.54,12.45,8.84
47,sh601155,新城控股,2016-02-17,230.76,12.57,8.92
48,sh601155,新城控股,2016-02-18,253.82,13.82,9.82
49,sh601155,新城控股,2016-02-19,248.01,13.51,9.59
50,sh601155,新城控股,2016-02-22,257.06,14.0,9.94
51,sh601155,新城控股,2016-02-23,251.09,13.67,9.71
52,sh601155,新城控股,2016-02-24,250.23,13.63,9.68
53,sh601155,新城控股,2016-02-25,225.29,12.27,8.71
54,sh601155,新城控股,2016-02-26,225.29,12.27,8.71
55,sh601155,新城控股,2016-02-29,225.29,12.27,8.71
56,sh601155,新城控股,2016-03-01,225.29,12.27,8.71
57,sh601155,新城控股,2016-03-02,225.29,12.27,8.71
58,sh601155,新城控股,2016-03-03,225.29,12.27,8.71
59,sh601155,新城控股,2016-03-04,225.29,12.27,8.71
60,sh601155,新城控股,2016-03-07,225.29,12.27,8.71
61,sh601155,新城控股,2016-03-08,225.29,12.27,8.71
62,sh601155,新城控股,2016-03-09,236.74,12.89,9.16
63,sh601155,新城控股,2016-03-10,222.39,12.11,8.6
64,sh601155,新城控股,2016-03-11,218.12,11.88,8.44
65,sh601155,新城控股,2016-03-14,226.32,12.32,8.75
66,sh601155,新城控股,2016-03-15,225.46,12.28,8.72
67,sh601155,新城控股,2016-03-16,220.34,12.0,8.52
68,sh601155,新城控股,2016-03-17,225.64,12.29,8.73
69,sh601155,新城控股,2016-03-18,243.23,13.25,9.41
70,sh601155,新城控股,2016-03-21,248.01,13.51,9.59
71,sh601155,新城控股,2016-03-22,243.06,13.24,9.4
72,sh601155,新城控股,2016-03-23,246.13,13.4,9.52
73,sh601155,新城控股,2016-03-24,242.37,13.2,9.37
74,sh601155,新城控股,2016-03-25,242.2,13.19,9.37
75,sh601155,新城控股,2016-03-28,237.59,12.94,9.19
76,sh601155,新城控股,2016-03-29,227.34,12.38,8.79
77,sh601155,新城控股,2016-03-30,234.52,12.77,9.07
78,sh601155,新城控股,2016-03-31,235.03,12.8,9.09
79,sh601155,新城控股,2016-04-01,232.47,12.66,8.99
80,sh601155,新城控股,2016-04-05,242.03,13.18,9.36
81,sh601155,新城控股,2016-04-06,242.37,13.2,9.37
82,sh601155,新城控股,2016-04-07,240.32,13.09,9.29
83,sh601155,新城控股,2016-04-08,236.23,12.86,9.14
84,sh601155,新城控股,2016-04-11,241.86,13.17,9.35
85,sh601155,新城控股,2016-04-12,244.08,13.29,9.44
86,sh601155,新城控股,2016-04-13,245.28,13.36,9.49
87,sh601155,新城控股,2016-04-14,260.14,14.17,10.06
88,sh601155,新城控股,2016-04-15,256.55,13.97,9.92
89,sh601155,新城控股,2016-04-18,251.94,13.72,9.74
90,sh601155,新城控股,2016-04-19,259.8,14.15,10.05
91,sh601155,新城控股,2016-04-20,247.33,13.47,9.57
92,sh601155,新城控股,2016-04-21,246.25,13.41,9.59
93,sh601155,新城控股,2016-04-22,238.04,12.96,9.27
94,sh601155,新城控股,2016-04-25,229.38,12.49,8.94
95,sh601155,新城控股,2016-04-26,233.15,12.7,9.08
96,sh601155,新城控股,2016-04-27,234.93,12.79,9.15
97,sh601155,新城控股,2016-04-28,225.16,12.26,8.77
98,sh601155,新城控股,2016-04-29,222.71,,
99,sh601155,新城控股,2016-05-03,227.6,,
100,sh601155,新城控股,2016-05-04,226.27,,
101,sh601155,新城控股,2016-05-05,228.93,,
102,sh601155,新城控股,2016-05-06,221.16,,
103,sh601155,新城控股,2016-05-09,206.95,,
104,sh601155,新城控股,2016-05-10,206.06,,
105,sh601155,新城控股,2016-05-11,204.73,,
106,sh601155,新城控股,2016-05-12,201.84,,
107,sh601155,新城控股,2016-05-13,202.06,,
108,sh601155,新城控股,2016-05-16,204.51,,
109,sh601155,新城控股,2016-05-17,203.17,,
110,sh601155,新城控股,2016-05-18,196.51,,
111,sh601155,新城控股,2016-05-19,196.96,,
112,sh601155,新城控股,2016-05-20,198.96,,
113,sh601155,新城控股,2016-05-23,202.95,,
114,sh601155,新城控股,2016-05-24,200.07,,
115,sh601155,新城控股,2016-05-25,197.85,,
116,sh601155,新城控股,2016-05-26,197.62,,
117,sh601155,新城控股,2016-05-27,200.07,,
118,sh601155,新城控股,2016-05-30,197.4,,
119,sh601155,新城控股,2016-05-31,204.06,,
120,sh601155,新城控股,2016-06-01,205.39,,
121,sh601155,新城控股,2016-06-02,205.39,,
122,sh601155,新城控股,2016-06-03,205.84,,
123,sh601155,新城控股,2016-06-06,207.39,,
124,sh601155,新城控股,2016-06-07,205.17,,
125,sh601155,新城控股,2016-06-08,206.28,,
126,sh601155,新城控股,2016-06-13,197.85,,
127,sh601155,新城控股,2016-06-14,200.29,,
128,sh601155,新城控股,2016-06-15,204.28,,
129,sh601155,新城控股,2016-06-16,201.4,,
130,sh601155,新城控股,2016-06-17,203.62,,
131,sh601155,新城控股,2016-06-20,202.95,,
132,sh601155,新城控股,2016-06-21,201.84,,
133,sh601155,新城控股,2016-06-22,203.84,,
134,sh601155,新城控股,2016-06-23,212.5,,
135,sh601155,新城控股,2016-06-24,204.73,,
136,sh601155,新城控股,2016-06-27,206.95,,
137,sh601155,新城控股,2016-06-28,206.95,,
138,sh601155,新城控股,2016-06-29,207.17,,
139,sh601155,新城控股,2016-06-30,205.62,,
140,sh601155,新城控股,2016-07-01,226.27,,
141,sh601155,新城控股,2016-07-04,236.93,,
142,sh601155,新城控股,2016-07-05,245.59,,
143,sh601155,新城控股,2016-07-06,241.14,,
144,sh601155,新城控股,2016-07-07,238.92,,
145,sh601155,新城控股,2016-07-08,236.26,,
146,sh601155,新城控股,2016-07-11,235.15,,
147,sh601155,新城控股,2016-07-12,239.81,,
148,sh601155,新城控股,2016-07-13,247.58,,
149,sh601155,新城控股,2016-07-14,249.36,,
150,sh601155,新城控股,2016-07-15,248.69,,
151,sh601155,新城控股,2016-07-18,247.58,,
152,sh601155,新城控股,2016-07-19,246.25,,
153,sh601155,新城控股,2016-07-20,245.59,,
154,sh601155,新城控股,2016-07-21,251.36,,
155,sh601155,新城控股,2016-07-22,246.7,,
156,sh601155,新城控股,2016-07-25,245.81,,
157,sh601155,新城控股,2016-07-26,248.03,,
158,sh601155,新城控股,2016-07-27,235.59,,
159,sh601155,新城控股,2016-07-28,235.59,,
160,sh601155,新城控股,2016-07-29,236.7,,
161,sh601155,新城控股,2016-08-01,237.81,10.67,9.27
162,sh601155,新城控股,2016-08-02,253.36,11.36,9.87
163,sh601155,新城控股,2016-08-03,274.9,12.33,10.71
164,sh601155,新城控股,2016-08-04,268.46,12.04,10.46
165,sh601155,新城控股,2016-08-05,265.79,11.92,10.36
166,sh601155,新城控股,2016-08-08,279.11,12.52,10.88
167,sh601155,新城控股,2016-08-09,279.11,12.52,10.88
168,sh601155,新城控股,2016-08-10,269.57,12.09,10.5
169,sh601155,新城控股,2016-08-11,269.34,12.08,10.49
170,sh601155,新城控股,2016-08-12,286.22,12.84,11.15
171,sh601155,新城控股,2016-08-15,304.43,13.65,11.86
172,sh601155,新城控股,2016-08-16,294.88,13.23,11.49
173,sh601155,新城控股,2016-08-17,297.1,13.33,11.58
174,sh601155,新城控股,2016-08-18,298.66,13.4,11.64
175,sh601155,新城控股,2016-08-19,296.88,13.32,11.57
176,sh601155,新城控股,2016-08-22,292.66,13.13,11.4
177,sh601155,新城控股,2016-08-23,283.33,12.71,11.04
178,sh601155,新城控股,2016-08-24,281.78,12.64,10.98
179,sh601155,新城控股,2016-08-25,278.67,12.5,10.86
180,sh601155,新城控股,2016-08-26,274.67,12.32,10.7
181,sh601155,新城控股,2016-08-29,275.12,12.34,10.72
182,sh601155,新城控股,2016-08-30,274.01,12.29,10.68
183,sh601155,新城控股,2016-08-31,284.44,12.76,11.08
184,sh601155,新城控股,2016-09-01,265.57,11.91,10.35
185,sh601155,新城控股,2016-09-02,262.46,11.77,10.23
186,sh601155,新城控股,2016-09-05,265.79,11.92,10.36
187,sh601155,新城控股,2016-09-06,268.46,12.04,10.46
188,sh601155,新城控股,2016-09-07,267.12,11.98,10.41
189,sh601155,新城控股,2016-09-08,267.79,12.01,10.43
190,sh601155,新城控股,2016-09-09,264.24,11.85,10.3
191,sh601155,新城控股,2016-09-12,262.68,11.78,10.24
192,sh601155,新城控股,2016-09-13,261.35,11.72,10.18
193,sh601155,新城控股,2016-09-14,256.69,11.51,10.0
194,sh601155,新城控股,2016-09-19,266.01,11.93,10.36
195,sh601155,新城控股,2016-09-20,265.57,11.91,10.35
196,sh601155,新城控股,2016-09-21,268.9,12.06,10.48
197,sh601155,新城控股,2016-09-22,283.78,12.73,11.06
198,sh601155,新城控股,2016-09-23,278.0,12.47,10.83
199,sh601155,新城控股,2016-09-26,273.79,12.28,10.67
200,sh601155,新城控股,2016-09-27,281.34,12.62,10.96
201,sh601155,新城控股,2016-09-28,283.33,12.71,11.04
202,sh601155,新城控股,2016-09-29,278.0,12.47,10.83
203,sh601155,新城控股,2016-09-30,280.45,12.58,10.93
204,sh601155,新城控股,2016-10-10,258.91,11.61,10.09
205,sh601155,新城控股,2016-10-11,261.35,11.72,10.18
206,sh601155,新城控股,2016-10-12,258.91,11.61,10.09
207,sh601155,新城控股,2016-10-13,257.35,11.54,10.03
208,sh601155,新城控股,2016-10-14,258.02,11.57,10.05
209,sh601155,新城控股,2016-10-17,257.35,11.33,10.03
210,sh601155,新城控股,2016-10-18,259.8,11.44,10.12
211,sh601155,新城控股,2016-10-19,260.46,11.47,10.15
212,sh601155,新城控股,2016-10-20,261.13,11.5,10.17
213,sh601155,新城控股,2016-10-21,258.02,11.36,10.05
214,sh601155,新城控股,2016-10-24,256.69,11.3,10.0
215,sh601155,新城控股,2016-10-25,255.8,11.26,9.97
216,sh601155,新城控股,2016-10-26,256.02,11.27,9.98
217,sh601155,新城控股,2016-10-27,254.91,11.22,9.93
218,sh601155,新城控股,2016-10-28,249.36,10.98,9.72
219,sh601155,新城控股,2016-10-31,246.47,10.85,9.6
220,sh601155,新城控股,2016-11-01,250.25,11.02,9.75
221,sh601155,新城控股,2016-11-02,250.03,11.01,9.74
222,sh601155,新城控股,2016-11-03,251.14,11.06,9.79
223,sh601155,新城控股,2016-11-04,247.36,10.89,9.64
224,sh601155,新城控股,2016-11-07,247.36,10.89,9.64
225,sh601155,新城控股,2016-11-08,247.81,10.91,9.66
226,sh601155,新城控股,2016-11-09,247.58,10.9,9.65
227,sh601155,新城控股,2016-11-10,252.91,11.14,9.85
228,sh601155,新城控股,2016-11-11,254.02,11.19,9.9
229,sh601155,新城控股,2016-11-14,254.69,11.21,9.92
230,sh601155,新城控股,2016-11-15,255.58,11.25,9.96
231,sh601155,新城控股,2016-11-16,253.14,11.15,9.86
232,sh601155,新城控股,2016-11-17,253.36,11.16,9.87
233,sh601155,新城控股,2016-11-18,258.24,11.37,10.06
234,sh601155,新城控股,2016-11-21,255.8,11.26,9.97
235,sh601155,新城控股,2016-11-22,255.58,11.25,9.96
236,sh601155,新城控股,2016-11-23,260.68,11.48,10.16
237,sh601155,新城控股,2016-11-24,264.24,11.64,10.3
238,sh601155,新城控股,2016-11-25,266.9,11.75,10.4
239,sh601155,新城控股,2016-11-28,267.57,11.78,10.43
240,sh601155,新城控股,2016-11-29,259.8,11.44,10.12
241,sh601155,新城控股,2016-11-30,256.91,11.31,10.01
242,sh601155,新城控股,2016-12-01,263.13,11.59,10.25
243,sh601155,新城控股,2016-12-02,268.46,11.82,10.46
244,sh601155,新城控股,2016-12-05,270.01,11.89,10.52
245,sh601155,新城控股,2016-12-06,266.01,11.71,10.36
246,sh601155,新城控股,2016-12-07,272.9,12.02,10.63
247,sh601155,新城控股,2016-12-08,274.01,12.07,10.49
248,sh601155,新城控股,2016-12-09,274.92,12.11,10.53
249,sh601155,新城控股,2016-12-12,270.17,11.9,10.35
250,sh601155,新城控股,2016-12-13,283.95,12.5,10.88
251,sh601155,新城控股,2016-12-14,281.7,12.4,10.79
252,sh601155,新城控股,2016-12-15,284.63,12.53,10.9
253,sh601155,新城控股,2016-12-16,288.47,12.7,11.05
254,sh601155,新城控股,2016-12-19,294.12,12.95,11.26
255,sh601155,新城控股,2016-12-20,285.99,12.59,10.95
256,sh601155,新城控股,2016-12-21,283.73,12.49,10.87
257,sh601155,新城控股,2016-12-22,285.76,12.58,10.94
258,sh601155,新城控股,2016-12-23,274.24,12.08,10.5
259,sh601155,新城控股,2016-12-26,274.47,12.09,10.51
260,sh601155,新城控股,2016-12-27,271.76,11.97,10.41
261,sh601155,新城控股,2016-12-28,272.43,12.0,10.43
262,sh601155,新城控股,2016-12-29,268.37,11.82,10.28
263,sh601155,新城控股,2016-12-30,265.43,11.69,10.17
264,sh601155,新城控股,2017-01-03,268.37,11.82,10.28
265,sh601155,新城控股,2017-01-04,272.21,11.99,10.43
266,sh601155,新城控股,2017-01-05,271.98,11.98,10.42
267,sh601155,新城控股,2017-01-06,271.3,11.95,10.39
268,sh601155,新城控股,2017-01-09,276.95,12.19,10.61
269,sh601155,新城控股,2017-01-10,282.37,12.43,10.81
270,sh601155,新城控股,2017-01-11,282.37,12.43,10.81
271,sh601155,新城控股,2017-01-12,276.95,12.19,10.61
272,sh601155,新城控股,2017-01-13,279.21,12.29,10.69
273,sh601155,新城控股,2017-01-16,286.89,12.63,10.99
274,sh601155,新城控股,2017-01-17,288.47,12.7,11.05
275,sh601155,新城控股,2017-01-18,283.95,12.5,10.88
276,sh601155,新城控股,2017-01-19,287.79,12.67,11.02
277,sh601155,新城控股,2017-01-20,288.92,12.72,11.07
278,sh601155,新城控股,2017-01-23,289.83,12.76,11.1
279,sh601155,新城控股,2017-01-24,292.76,12.89,11.21
280,sh601155,新城控股,2017-01-25,295.25,13.0,11.31
281,sh601155,新城控股,2017-01-26,290.73,12.8,11.13
282,sh601155,新城控股,2017-02-03,285.76,12.58,10.94
283,sh601155,新城控股,2017-02-06,290.28,12.78,11.12
284,sh601155,新城控股,2017-02-07,290.05,12.77,11.11
285,sh601155,新城控股,2017-02-08,292.54,12.88,11.2
286,sh601155,新城控股,2017-02-09,299.09,13.17,11.45
287,sh601155,新城控股,2017-02-10,297.73,13.11,11.4
288,sh601155,新城控股,2017-02-13,296.38,13.05,11.35
289,sh601155,新城控股,2017-02-14,303.61,13.37,11.63
290,sh601155,新城控股,2017-02-15,294.35,12.96,11.27
291,sh601155,新城控股,2017-02-16,297.73,13.11,11.4
292,sh601155,新城控股,2017-02-17,299.99,13.21,11.49
293,sh601155,新城控股,2017-02-20,309.25,13.62,11.84
294,sh601155,新城控股,2017-02-21,313.32,13.8,12.0
295,sh601155,新城控股,2017-02-22,328.0,14.44,12.56
296,sh601155,新城控股,2017-02-23,328.23,14.45,12.57
297,sh601155,新城控股,2017-02-24,323.94,14.26,12.41
298,sh601155,新城控股,2017-02-27,328.0,10.86,12.56
299,sh601155,新城控股,2017-02-28,341.11,11.3,13.06
300,sh601155,新城控股,2017-03-01,335.23,11.1,12.84
301,sh601155,新城控股,2017-03-02,334.1,11.07,12.8
302,sh601155,新城控股,2017-03-03,338.62,11.22,12.97
303,sh601155,新城控股,2017-03-06,347.21,11.5,13.3
304,sh601155,新城控股,2017-03-07,349.69,11.58,13.39
305,sh601155,新城控股,2017-03-08,346.08,11.46,13.25
306,sh601155,新城控股,2017-03-09,343.37,11.37,13.15
307,sh601155,新城控股,2017-03-10,355.79,11.78,13.63
308,sh601155,新城控股,2017-03-13,367.99,12.19,14.09
309,sh601155,新城控股,2017-03-14,365.05,12.09,13.98
310,sh601155,新城控股,2017-03-15,377.7,12.51,14.47
311,sh601155,新城控股,2017-03-16,379.28,12.56,14.53
312,sh601155,新城控股,2017-03-17,372.51,12.34,14.27
313,sh601155,新城控股,2017-03-20,354.89,11.75,13.59
314,sh601155,新城控股,2017-03-21,368.44,12.2,14.11
315,sh601155,新城控股,2017-03-22,359.63,11.91,13.77
316,sh601155,新城控股,2017-03-23,363.02,12.02,13.9
317,sh601155,新城控股,2017-03-24,362.34,12.0,13.88
318,sh601155,新城控股,2017-03-27,341.56,11.31,13.08
319,sh601155,新城控股,2017-03-28,344.27,11.4,13.19
320,sh601155,新城控股,2017-03-29,346.3,11.47,13.26
321,sh601155,新城控股,2017-03-30,338.85,11.22,12.98
322,sh601155,新城控股,2017-03-31,347.43,11.51,13.31
323,sh601155,新城控股,2017-04-05,357.15,11.83,13.68
324,sh601155,新城控股,2017-04-06,356.47,11.81,13.65
325,sh601155,新城控股,2017-04-07,361.21,11.96,13.83
326,sh601155,新城控股,2017-04-10,352.85,11.69,13.51
327,sh601155,新城控股,2017-04-11,354.89,11.75,13.59
328,sh601155,新城控股,2017-04-12,356.92,11.82,13.67
329,sh601155,新城控股,2017-04-13,355.79,11.78,13.63
330,sh601155,新城控股,2017-04-14,354.21,11.73,13.57
331,sh601155,新城控股,2017-04-17,365.96,12.12,14.02
332,sh601155,新城控股,2017-04-18,372.05,12.32,14.25
333,sh601155,新城控股,2017-04-19,371.6,12.31,14.23
334,sh601155,新城控股,2017-04-20,369.8,11.36,14.16
335,sh601155,新城控股,2017-04-21,372.73,11.45,14.28
336,sh601155,新城控股,2017-04-24,361.44,11.1,13.84
337,sh601155,新城控股,2017-04-25,359.18,11.03,13.76
338,sh601155,新城控股,2017-04-26,360.08,11.06,13.79
339,sh601155,新城控股,2017-04-27,348.56,10.71,13.35
340,sh601155,新城控股,2017-04-28,352.4,10.83,13.5
341,sh601155,新城控股,2017-05-02,350.82,10.78,13.44
342,sh601155,新城控股,2017-05-03,352.4,10.83,13.5
343,sh601155,新城控股,2017-05-04,353.53,10.86,13.54
344,sh601155,新城控股,2017-05-05,353.98,10.87,13.56
345,sh601155,新城控股,2017-05-08,354.89,10.9,13.59
346,sh601155,新城控股,2017-05-09,351.95,10.81,13.48
347,sh601155,新城控股,2017-05-10,340.2,10.45,13.03
348,sh601155,新城控股,2017-05-11,342.46,10.52,13.12
349,sh601155,新城控股,2017-05-12,334.78,10.28,13.11
350,sh601155,新城控股,2017-05-15,341.56,10.49,13.37
351,sh601155,新城控股,2017-05-16,345.4,10.61,13.52
352,sh601155,新城控股,2017-05-17,347.88,10.69,13.62
353,sh601155,新城控股,2017-05-18,349.69,10.74,13.69
354,sh601155,新城控股,2017-05-19,349.39,10.73,13.68
355,sh601155,新城控股,2017-05-22,353.23,10.85,13.83
356,sh601155,新城控股,2017-05-23,357.29,10.98,13.99
357,sh601155,新城控股,2017-05-24,356.16,10.94,13.95
358,sh601155,新城控股,2017-05-25,391.85,12.04,15.35
359,sh601155,新城控股,2017-05-26,381.91,11.73,14.96
360,sh601155,新城控股,2017-05-31,387.56,11.91,15.18
361,sh601155,新城控股,2017-06-01,393.2,12.08,15.4
362,sh601155,新城控股,2017-06-02,394.11,12.11,15.43
363,sh601155,新城控股,2017-06-05,395.01,12.13,15.47
364,sh601155,新城控股,2017-06-06,412.63,12.68,16.16
365,sh601155,新城控股,2017-06-07,413.98,12.72,16.21
366,sh601155,新城控股,2017-06-08,415.56,12.77,16.27
367,sh601155,新城控股,2017-06-09,419.17,12.88,16.42
368,sh601155,新城控股,2017-06-12,414.88,12.75,16.25
369,sh601155,新城控股,2017-06-13,415.34,12.76,16.26
370,sh601155,新城控股,2017-06-14,395.69,12.16,15.5
371,sh601155,新城控股,2017-06-15,391.4,12.02,15.33
372,sh601155,新城控股,2017-06-16,391.4,12.02,15.33
373,sh601155,新城控股,2017-06-19,393.2,12.08,15.4
374,sh601155,新城控股,2017-06-20,392.07,12.04,15.35
375,sh601155,新城控股,2017-06-21,389.14,11.95,15.24
376,sh601155,新城控股,2017-06-22,399.53,12.27,15.65
377,sh601155,新城控股,2017-06-23,403.37,12.39,15.8
378,sh601155,新城控股,2017-06-26,404.95,12.44,15.86
379,sh601155,新城控股,2017-06-27,418.27,12.85,16.38
380,sh601155,新城控股,2017-06-28,417.14,12.81,16.34
381,sh601155,新城控股,2017-06-29,415.79,12.77,16.28
382,sh601155,新城控股,2017-06-30,418.72,12.86,16.4
383,sh601155,新城控股,2017-07-03,416.92,12.81,16.33
384,sh601155,新城控股,2017-07-04,409.91,12.59,16.05
385,sh601155,新城控股,2017-07-05,405.62,12.46,15.88
386,sh601155,新城控股,2017-07-06,409.24,12.57,16.03
387,sh601155,新城控股,2017-07-07,399.07,12.26,15.63
388,sh601155,新城控股,2017-07-10,399.07,12.26,15.63
389,sh601155,新城控股,2017-07-11,403.14,12.38,15.79
390,sh601155,新城控股,2017-07-12,407.43,12.52,15.96
391,sh601155,新城控股,2017-07-13,423.24,13.0,16.57
392,sh601155,新城控股,2017-07-14,430.47,13.22,16.86
393,sh601155,新城控股,2017-07-17,418.72,12.86,16.4
394,sh601155,新城控股,2017-07-18,411.95,12.66,16.13
395,sh601155,新城控股,2017-07-19,405.4,12.45,15.88
396,sh601155,新城控股,2017-07-20,410.37,12.61,16.07
397,sh601155,新城控股,2017-07-21,400.2,12.29,15.67
398,sh601155,新城控股,2017-07-24,390.72,12.0,15.3
399,sh601155,新城控股,2017-07-25,390.72,12.0,15.3
400,sh601155,新城控股,2017-07-26,395.23,12.14,15.48
401,sh601155,新城控股,2017-07-27,397.49,12.21,15.57
402,sh601155,新城控股,2017-07-28,406.98,12.5,15.94
403,sh601155,新城控股,2017-07-31,407.43,12.52,15.96
404,sh601155,新城控股,2017-08-01,388.46,11.93,15.21
405,sh601155,新城控股,2017-08-02,378.52,11.63,14.82
406,sh601155,新城控股,2017-08-03,372.42,11.44,14.58
407,sh601155,新城控股,2017-08-04,368.81,11.33,14.44
408,sh601155,新城控股,2017-08-07,372.88,11.45,14.6
409,sh601155,新城控股,2017-08-08,374.46,11.5,14.66
410,sh601155,新城控股,2017-08-09,376.94,11.58,14.76
411,sh601155,新城控股,2017-08-10,383.49,11.78,15.02
412,sh601155,新城控股,2017-08-11,383.04,11.77,15.0
413,sh601155,新城控股,2017-08-14,371.97,11.43,14.57
414,sh601155,新城控股,2017-08-15,376.94,11.58,14.76
415,sh601155,新城控股,2017-08-16,375.81,11.54,14.72
416,sh601155,新城控股,2017-08-17,372.88,11.45,14.6
417,sh601155,新城控股,2017-08-18,378.3,11.62,14.81
418,sh601155,新城控股,2017-08-21,374.68,11.33,14.67
419,sh601155,新城控股,2017-08-22,388.23,11.74,15.2
420,sh601155,新城控股,2017-08-23,385.3,11.65,15.09
421,sh601155,新城控股,2017-08-24,383.49,11.6,15.02
422,sh601155,新城控股,2017-08-25,388.23,11.74,15.2
423,sh601155,新城控股,2017-08-28,395.01,11.95,15.47
424,sh601155,新城控股,2017-08-29,395.23,11.95,15.48
425,sh601155,新城控股,2017-08-30,398.17,12.04,15.59
426,sh601155,新城控股,2017-08-31,405.4,12.26,15.88
427,sh601155,新城控股,2017-09-01,399.98,12.1,15.66
428,sh601155,新城控股,2017-09-04,394.11,11.92,15.43
429,sh601155,新城控股,2017-09-05,398.85,12.06,15.62
430,sh601155,新城控股,2017-09-06,397.49,12.02,15.57
431,sh601155,新城控股,2017-09-07,412.17,12.47,16.14
432,sh601155,新城控股,2017-09-08,412.17,12.47,16.14
433,sh601155,新城控股,2017-09-11,416.46,12.6,16.31
434,sh601155,新城控股,2017-09-12,405.62,12.27,15.88
435,sh601155,新城控股,2017-09-13,412.85,12.49,16.17
436,sh601155,新城控股,2017-09-14,430.69,13.03,16.87
437,sh601155,新城控股,2017-09-15,441.08,13.34,17.27
438,sh601155,新城控股,2017-09-18,441.08,13.34,17.27
439,sh601155,新城控股,2017-09-19,452.6,13.69,17.72
440,sh601155,新城控股,2017-09-20,454.41,13.74,17.8
441,sh601155,新城控股,2017-09-21,439.28,13.29,17.2
442,sh601155,新城控股,2017-09-22,443.11,13.4,17.35
443,sh601155,新城控股,2017-09-25,414.21,12.53,16.22
444,sh601155,新城控股,2017-09-26,412.4,12.47,16.15
445,sh601155,新城控股,2017-09-27,413.98,12.52,16.21
446,sh601155,新城控股,2017-09-28,410.59,12.42,16.08
447,sh601155,新城控股,2017-09-29,403.59,12.21,15.81
448,sh601155,新城控股,2017-10-09,406.08,12.28,15.9
449,sh601155,新城控股,2017-10-10,399.53,12.08,15.65
450,sh601155,新城控股,2017-10-11,400.88,12.13,15.7
451,sh601155,新城控股,2017-10-12,397.27,12.02,15.56
452,sh601155,新城控股,2017-10-13,397.49,12.02,15.57
453,sh601155,新城控股,2017-10-16,399.98,12.1,15.66
454,sh601155,新城控股,2017-10-17,400.43,12.11,15.68
455,sh601155,新城控股,2017-10-18,406.98,12.31,15.94
456,sh601155,新城控股,2017-10-19,410.37,12.41,16.07
457,sh601155,新城控股,2017-10-20,410.82,12.43,16.09
458,sh601155,新城控股,2017-10-23,408.11,12.34,15.98
459,sh601155,新城控股,2017-10-24,432.73,13.09,16.95
460,sh601155,新城控股,2017-10-25,433.18,13.1,16.96
461,sh601155,新城控股,2017-10-26,434.98,13.16,17.03
462,sh601155,新城控股,2017-10-27,435.21,13.16,17.04
463,sh601155,新城控股,2017-10-30,448.53,10.87,17.57
464,sh601155,新城控股,2017-10-31,461.18,11.17,18.06
465,sh601155,新城控股,2017-11-01,489.19,11.85,19.16
466,sh601155,新城控股,2017-11-02,490.99,11.89,19.23
467,sh601155,新城控股,2017-11-03,477.22,11.56,18.69
468,sh601155,新城控股,2017-11-06,477.22,11.56,18.69
469,sh601155,新城控股,2017-11-07,485.12,11.75,19.0
470,sh601155,新城控股,2017-11-08,486.7,11.79,19.06
471,sh601155,新城控股,2017-11-09,488.96,11.84,19.15
472,sh601155,新城控股,2017-11-10,489.87,11.87,19.18
473,sh601155,新城控股,2017-11-13,516.97,12.52,20.24
474,sh601155,新城控股,2017-11-14,522.61,12.66,20.47
475,sh601155,新城控股,2017-11-15,520.13,12.6,20.37
476,sh601155,新城控股,2017-11-16,532.55,12.9,20.86
477,sh601155,新城控股,2017-11-17,550.39,13.33,21.55
478,sh601155,新城控股,2017-11-20,545.42,13.21,21.36
479,sh601155,新城控股,2017-11-21,564.17,13.67,22.09
480,sh601155,新城控股,2017-11-22,584.27,14.15,22.88
481,sh601155,新城控股,2017-11-23,551.3,13.35,21.59
482,sh601155,新城控股,2017-11-24,552.88,13.39,21.65
483,sh601155,新城控股,2017-11-27,554.91,13.44,21.73
484,sh601155,新城控股,2017-11-28,528.26,12.8,20.69
485,sh601155,新城控股,2017-11-29,581.11,14.08,22.76
486,sh601155,新城控股,2017-11-30,559.43,13.55,21.91
487,sh601155,新城控股,2017-12-01,565.07,13.69,22.13
488,sh601155,新城控股,2017-12-04,572.53,13.87,22.42
489,sh601155,新城控股,2017-12-05,591.05,14.32,23.15
490,sh601155,新城控股,2017-12-06,580.66,14.07,22.74
491,sh601155,新城控股,2017-12-07,570.27,13.81,22.33
492,sh601155,新城控股,2017-12-08,583.82,14.14,22.86
493,sh601155,新城控股,2017-12-11,585.62,14.19,22.93
494,sh601155,新城控股,2017-12-12,601.21,14.56,23.54
495,sh601155,新城控股,2017-12-13,594.88,14.41,23.3
496,sh601155,新城控股,2017-12-14,603.24,14.61,23.62
497,sh601155,新城控股,2017-12-15,587.43,14.23,23.0
498,sh601155,新城控股,2017-12-18,573.43,13.89,22.46
499,sh601155,新城控股,2017-12-19,595.56,14.43,23.32
500,sh601155,新城控股,2017-12-20,600.31,14.54,23.51
501,sh601155,新城控股,2017-12-21,633.05,15.34,24.79
502,sh601155,新城控股,2017-12-22,644.35,15.61,25.23
503,sh601155,新城控股,2017-12-25,647.51,15.69,25.36
504,sh601155,新城控股,2017-12-26,639.83,15.5,25.06
505,sh601155,新城控股,2017-12-27,636.21,15.41,24.91
506,sh601155,新城控股,2017-12-28,633.05,15.34,24.79
507,sh601155,新城控股,2017-12-29,661.74,16.03,25.91
508,sh601155,新城控股,2018-01-02,655.09,15.87,25.67
509,sh601155,新城控股,2018-01-03,654.64,15.86,25.65
510,sh601155,新城控股,2018-01-04,663.45,16.07,25.99
511,sh601155,新城控股,2018-01-05,691.89,16.76,27.11
512,sh601155,新城控股,2018-01-08,712.2,17.25,27.9
513,sh601155,新城控股,2018-01-09,738.39,17.89,28.93
514,sh601155,新城控股,2018-01-10,744.26,18.03,29.16
515,sh601155,新城控股,2018-01-11,788.73,19.11,30.9
516,sh601155,新城控股,2018-01-12,785.34,19.02,30.77
517,sh601155,新城控股,2018-01-15,787.6,19.08,30.86
518,sh601155,新城控股,2018-01-16,832.75,20.17,32.63
519,sh601155,新城控股,2018-01-17,799.11,19.36,31.31
520,sh601155,新城控股,2018-01-18,790.76,19.16,30.98
521,sh601155,新城控股,2018-01-19,825.3,19.99,32.34
522,sh601155,新城控股,2018-01-22,823.72,19.95,32.27
523,sh601155,新城控股,2018-01-23,875.41,21.21,34.3
524,sh601155,新城控股,2018-01-24,899.57,21.79,35.25
525,sh601155,新城控股,2018-01-25,946.07,22.92,37.07
526,sh601155,新城控股,2018-01-26,1014.02,24.56,39.73
527,sh601155,新城控股,2018-01-29,982.87,23.81,38.51
528,sh601155,新城控股,2018-01-30,885.35,21.45,34.69
529,sh601155,新城控股,2018-01-31,907.92,21.99,35.57
530,sh601155,新城控股,2018-02-01,915.82,22.19,35.88
531,sh601155,新城控股,2018-02-02,904.08,21.9,35.42
532,sh601155,新城控股,2018-02-05,941.55,22.81,36.89
533,sh601155,新城控股,2018-02-06,903.18,21.88,35.39
534,sh601155,新城控股,2018-02-07,812.88,19.69,31.85
535,sh601155,新城控股,2018-02-08,755.1,18.29,29.58
536,sh601155,新城控股,2018-02-09,679.7,16.47,26.63
537,sh601155,新城控股,2018-02-12,726.2,17.59,28.45
538,sh601155,新城控股,2018-02-13,763.67,18.5,29.92
539,sh601155,新城控股,2018-02-14,762.32,18.47,29.87
540,sh601155,新城控股,2018-02-22,772.48,18.71,30.27
541,sh601155,新城控股,2018-02-23,794.37,19.24,31.12
542,sh601155,新城控股,2018-02-26,770.9,18.67,30.2
543,sh601155,新城控股,2018-02-27,736.13,17.83,28.84
544,sh601155,新城控股,2018-02-28,765.03,18.53,29.97
545,sh601155,新城控股,2018-03-01,771.8,18.7,30.24
546,sh601155,新城控股,2018-03-02,788.5,19.1,30.89
547,sh601155,新城控股,2018-03-05,804.98,19.5,31.54
548,sh601155,新城控股,2018-03-06,877.9,21.27,34.4
549,sh601155,新城控股,2018-03-07,864.35,20.94,33.87
550,sh601155,新城控股,2018-03-08,881.06,21.34,34.52
551,sh601155,新城控股,2018-03-09,872.7,21.14,34.19
552,sh601155,新城控股,2018-03-12,788.96,19.11,30.91
553,sh601155,新城控股,2018-03-13,797.53,19.32,31.25
554,sh601155,新城控股,2018-03-14,803.4,19.46,31.48
555,sh601155,新城控股,2018-03-15,822.82,19.93,32.24
556,sh601155,新城控股,2018-03-16,842.46,13.97,33.01
557,sh601155,新城控股,2018-03-19,828.23,13.74,32.45
558,sh601155,新城控股,2018-03-20,824.62,13.68,32.31
559,sh601155,新城控股,2018-03-21,846.07,14.03,33.15
560,sh601155,新城控股,2018-03-22,808.14,13.4,31.66
561,sh601155,新城控股,2018-03-23,749.68,12.43,29.37
562,sh601155,新城控股,2018-03-26,751.93,12.47,29.46
563,sh601155,新城控股,2018-03-27,762.77,12.65,29.89
564,sh601155,新城控股,2018-03-28,747.19,12.39,29.28
565,sh601155,新城控股,2018-03-29,789.63,13.1,30.94
566,sh601155,新城控股,2018-03-30,794.15,13.17,31.11
567,sh601155,新城控股,2018-04-02,802.73,13.31,31.45
568,sh601155,新城控股,2018-04-03,787.83,13.07,30.87
569,sh601155,新城控股,2018-04-04,789.86,13.1,30.95
570,sh601155,新城控股,2018-04-10,811.3,13.46,31.79
571,sh601155,新城控股,2018-04-11,849.23,14.09,33.27
572,sh601155,新城控股,2018-04-12,837.26,13.89,32.8
573,sh601155,新城控股,2018-04-13,834.55,13.84,32.7
574,sh601155,新城控股,2018-04-16,781.96,12.97,30.64
575,sh601155,新城控股,2018-04-17,759.61,12.6,29.76
576,sh601155,新城控股,2018-04-18,741.32,12.3,29.05
577,sh601155,新城控股,2018-04-19,749.23,12.43,29.35
578,sh601155,新城控股,2018-04-20,720.56,11.95,28.23
579,sh601155,新城控股,2018-04-23,729.36,12.1,28.58
580,sh601155,新城控股,2018-04-24,765.03,12.69,29.97
581,sh601155,新城控股,2018-04-25,751.26,12.46,29.43
582,sh601155,新城控股,2018-04-26,732.52,12.15,28.7
583,sh601155,新城控股,2018-04-27,713.78,11.84,27.97
584,sh601155,新城控股,2018-05-02,730.04,11.5,28.6
585,sh601155,新城控股,2018-05-03,735.68,11.59,28.82
586,sh601155,新城控股,2018-05-04,730.49,11.51,28.62
587,sh601155,新城控股,2018-05-07,751.93,11.85,29.46
588,sh601155,新城控股,2018-05-08,780.15,12.29,30.57
589,sh601155,新城控股,2018-05-09,772.03,12.16,30.25
590,sh601155,新城控股,2018-05-10,783.99,12.35,30.72
591,sh601155,新城控股,2018-05-11,763.45,12.03,29.91
592,sh601155,新城控股,2018-05-14,768.87,12.11,30.12
593,sh601155,新城控股,2018-05-15,781.51,12.31,30.62
594,sh601155,新城控股,2018-05-16,774.06,12.2,30.33
595,sh601155,新城控股,2018-05-17,770.9,12.15,30.2
596,sh601155,新城控股,2018-05-18,766.61,12.08,30.04
597,sh601155,新城控股,2018-05-21,722.36,11.38,29.02
598,sh601155,新城控股,2018-05-22,687.6,10.83,27.62
599,sh601155,新城控股,2018-05-23,677.67,10.68,27.22
600,sh601155,新城控股,2018-05-24,669.54,10.55,26.9
601,sh601155,新城控股,2018-05-25,673.15,10.61,27.04
602,sh601155,新城控股,2018-05-28,663.67,10.46,26.66
603,sh601155,新城控股,2018-05-29,632.07,9.96,25.39
604,sh601155,新城控股,2018-05-30,623.26,9.82,25.04
605,sh601155,新城控股,2018-05-31,645.61,10.17,25.94
606,sh601155,新城控股,2018-06-01,659.38,10.39,26.49
607,sh601155,新城控股,2018-06-04,689.41,10.86,27.69
608,sh601155,新城控股,2018-06-05,693.02,10.92,27.84
609,sh601155,新城控股,2018-06-06,693.02,10.92,27.84
610,sh601155,新城控股,2018-06-07,724.85,11.42,29.12
611,sh601155,新城控股,2018-06-08,704.08,11.09,28.28
612,sh601155,新城控股,2018-06-11,730.26,11.51,29.34
613,sh601155,新城控股,2018-06-12,738.84,11.64,29.68
614,sh601155,新城控股,2018-06-13,745.61,11.75,29.95
615,sh601155,新城控股,2018-06-14,735.46,11.59,29.54
616,sh601155,新城控股,2018-06-15,758.48,11.95,30.47
617,sh601155,新城控股,2018-06-19,695.27,10.95,27.93
618,sh601155,新城控股,2018-06-20,761.87,12.0,30.61
619,sh601155,新城控股,2018-06-21,767.74,12.1,30.84
620,sh601155,新城控股,2018-06-22,778.57,12.27,31.28
621,sh601155,新城控股,2018-06-25,726.65,11.45,29.19
622,sh601155,新城控股,2018-06-26,670.44,10.56,26.93
623,sh601155,新城控股,2018-06-27,633.42,9.98,25.45
624,sh601155,新城控股,2018-06-28,636.81,10.03,25.58
625,sh601155,新城控股,2018-06-29,699.11,11.01,28.08
626,sh601155,新城控股,2018-07-02,669.99,10.56,26.91
627,sh601155,新城控股,2018-07-03,672.25,10.59,27.01
628,sh601155,新城控股,2018-07-04,637.26,10.04,25.6
629,sh601155,新城控股,2018-07-05,638.84,10.07,25.66
630,sh601155,新城控股,2018-07-06,635.68,10.02,25.54
631,sh601155,新城控股,2018-07-09,665.93,10.49,26.75
632,sh601155,新城控股,2018-07-10,668.86,10.54,26.87
633,sh601155,新城控股,2018-07-11,653.29,10.29,26.24
634,sh601155,新城控股,2018-07-12,651.48,10.26,26.17
635,sh601155,新城控股,2018-07-13,652.16,10.27,26.2
636,sh601155,新城控股,2018-07-16,623.94,9.83,25.07
637,sh601155,新城控股,2018-07-17,632.74,9.97,25.42
638,sh601155,新城控股,2018-07-18,608.82,9.59,24.46
639,sh601155,新城控股,2018-07-19,600.46,9.46,24.12
640,sh601155,新城控股,2018-07-20,616.72,9.72,24.77
641,sh601155,新城控股,2018-07-23,636.13,10.02,25.55
642,sh601155,新城控股,2018-07-24,655.32,10.32,26.33
643,sh601155,新城控股,2018-07-25,652.84,10.29,26.23
644,sh601155,新城控股,2018-07-26,635.68,10.02,25.54
645,sh601155,新城控股,2018-07-27,631.84,9.95,25.38
646,sh601155,新城控股,2018-07-30,630.26,9.93,25.32
647,sh601155,新城控股,2018-07-31,651.26,10.26,26.16
648,sh601155,新城控股,2018-08-01,606.11,9.55,24.35
649,sh601155,新城控股,2018-08-02,574.73,9.06,23.09
650,sh601155,新城控股,2018-08-03,544.71,8.58,21.88
651,sh601155,新城控股,2018-08-06,523.04,8.24,21.01
652,sh601155,新城控股,2018-08-07,549.22,8.65,22.06
653,sh601155,新城控股,2018-08-08,527.55,8.31,21.19
654,sh601155,新城控股,2018-08-09,553.51,8.72,22.24
655,sh601155,新城控股,2018-08-10,573.38,9.03,23.03
656,sh601155,新城控股,2018-08-13,567.05,8.93,22.78
657,sh601155,新城控股,2018-08-14,541.55,8.53,21.76
658,sh601155,新城控股,2018-08-15,532.97,8.4,21.41
659,sh601155,新城控股,2018-08-16,529.58,8.34,21.27
660,sh601155,新城控股,2018-08-17,515.81,8.13,20.72
661,sh601155,新城控股,2018-08-20,523.04,8.24,21.01
662,sh601155,新城控股,2018-08-21,537.26,8.46,21.58
663,sh601155,新城控股,2018-08-22,536.13,8.45,21.54
664,sh601155,新城控股,2018-08-23,544.48,8.58,21.87
665,sh601155,新城控股,2018-08-24,543.8,8.57,21.85
666,sh601155,新城控股,2018-08-27,583.31,7.85,23.43
667,sh601155,新城控股,2018-08-28,584.66,7.87,23.49
668,sh601155,新城控股,2018-08-29,585.79,7.89,23.53
669,sh601155,新城控股,2018-08-30,585.57,7.88,23.52
670,sh601155,新城控股,2018-08-31,585.79,7.89,23.53
671,sh601155,新城控股,2018-09-03,591.43,7.96,23.76
672,sh601155,新城控股,2018-09-04,594.82,8.01,23.9
673,sh601155,新城控股,2018-09-05,575.63,7.75,23.12
674,sh601155,新城控股,2018-09-06,565.02,7.61,22.7
675,sh601155,新城控股,2018-09-07,579.02,7.8,23.26
676,sh601155,新城控股,2018-09-10,580.37,7.81,23.31
677,sh601155,新城控股,2018-09-11,579.7,7.8,23.29
678,sh601155,新城控股,2018-09-12,576.31,7.76,23.15
679,sh601155,新城控股,2018-09-13,572.02,7.7,22.98
680,sh601155,新城控股,2018-09-14,557.57,7.51,22.4
681,sh601155,新城控股,2018-09-17,557.57,7.51,22.4
682,sh601155,新城控股,2018-09-18,570.67,7.68,22.92
683,sh601155,新城控股,2018-09-19,612.2,8.24,24.59
684,sh601155,新城控股,2018-09-20,609.04,8.2,24.47
685,sh601155,新城控股,2018-09-21,643.35,8.66,25.84
686,sh601155,新城控股,2018-09-25,603.17,8.12,24.23
687,sh601155,新城控股,2018-09-26,595.72,8.02,23.93
688,sh601155,新城控股,2018-09-27,590.98,7.96,23.74
689,sh601155,新城控股,2018-09-28,591.21,7.96,23.75
690,sh601155,新城控股,2018-10-08,555.54,7.48,22.32
691,sh601155,新城控股,2018-10-09,559.83,7.54,22.49
692,sh601155,新城控股,2018-10-10,546.29,7.35,21.95
693,sh601155,新城控股,2018-10-11,514.46,6.93,20.67
694,sh601155,新城控股,2018-10-12,521.46,7.02,20.95
695,sh601155,新城控股,2018-10-15,498.88,6.72,20.04
696,sh601155,新城控股,2018-10-16,448.99,6.04,18.04
697,sh601155,新城控股,2018-10-17,467.28,6.29,18.77
698,sh601155,新城控股,2018-10-18,467.05,6.29,18.76
699,sh601155,新城控股,2018-10-19,504.53,6.79,20.27
700,sh601155,新城控股,2018-10-22,525.97,7.08,21.13
701,sh601155,新城控股,2018-10-23,515.36,6.94,20.7
702,sh601155,新城控股,2018-10-24,521.23,7.02,20.94
703,sh601155,新城控股,2018-10-25,538.16,7.25,21.62
704,sh601155,新城控股,2018-10-26,550.58,7.41,22.12
705,sh601155,新城控股,2018-10-29,535.23,7.48,21.5
706,sh601155,新城控股,2018-10-29,535.23,7.48,21.5
707,sh601155,新城控股,2018-10-29,535.23,7.48,21.5
708,sh601155,新城控股,2018-10-29,535.23,7.48,21.5
709,sh601155,新城控股,2018-10-30,561.19,7.84,22.54
710,sh601155,新城控股,2018-10-31,561.41,7.84,22.55
711,sh601155,新城控股,2018-11-01,568.18,7.94,22.83
712,sh601155,新城控股,2018-11-02,572.92,8.0,23.02
713,sh601155,新城控股,2018-11-05,560.96,7.84,22.53
714,sh601155,新城控股,2018-11-06,567.28,7.93,22.79
715,sh601155,新城控股,2018-11-07,559.61,7.82,22.48
716,sh601155,新城控股,2018-11-08,558.7,7.81,22.44
717,sh601155,新城控股,2018-11-09,556.22,7.77,22.34
718,sh601155,新城控股,2018-11-12,564.8,7.89,22.69
719,sh601155,新城控股,2018-11-13,567.73,7.93,22.81
720,sh601155,新城控股,2018-11-14,577.89,8.07,23.22
721,sh601155,新城控股,2018-11-15,578.85,8.09,23.26
722,sh601155,新城控股,2018-11-16,585.85,8.18,23.54
723,sh601155,新城控股,2018-11-19,613.6,8.57,24.66
724,sh601155,新城控股,2018-11-20,602.55,8.42,24.21
725,sh601155,新城控股,2018-11-21,613.83,8.58,24.67
726,sh601155,新城控股,2018-11-22,616.09,8.61,24.76
727,sh601155,新城控股,2018-11-23,604.35,8.44,24.29
728,sh601155,新城控股,2018-11-26,601.42,8.4,24.17
729,sh601155,新城控股,2018-11-27,605.93,8.47,24.35
730,sh601155,新城控股,2018-11-28,615.18,8.59,24.72
731,sh601155,新城控股,2018-11-29,609.99,8.52,24.51
732,sh601155,新城控股,2018-11-30,617.44,8.63,24.81
733,sh601155,新城控股,2018-12-03,603.9,8.44,24.27
734,sh601155,新城控股,2018-12-03,603.9,8.44,24.27
735,sh601155,新城控股,2018-12-03,603.9,8.44,24.27
736,sh601155,新城控股,2018-12-03,603.9,8.44,24.27
737,sh601155,新城控股,2018-12-03,603.9,8.44,24.27
738,sh601155,新城控股,2018-12-03,603.9,8.44,24.27
739,sh601155,新城控股,2018-12-03,603.9,8.44,24.27
740,sh601155,新城控股,2018-12-03,603.9,8.44,24.27
741,sh601155,新城控股,2018-12-03,603.9,8.44,24.27
742,sh601155,新城控股,2018-12-04,582.91,8.14,23.42
743,sh601155,新城控股,2018-12-05,592.16,8.27,23.8
744,sh601155,新城控股,2018-12-06,586.75,8.2,23.58
745,sh601155,新城控股,2018-12-07,593.97,8.3,23.87
746,sh601155,新城控股,2018-12-10,574.34,8.02,23.08
747,sh601155,新城控股,2018-12-11,595.78,8.32,23.94
748,sh601155,新城控股,2018-12-12,600.29,8.39,24.12
749,sh601155,新城控股,2018-12-13,614.05,8.58,24.68
750,sh601155,新城控股,2018-12-14,601.64,8.41,24.18
751,sh601155,新城控股,2018-12-17,583.81,8.16,23.46
752,sh601155,新城控股,2018-12-18,564.41,7.88,22.68
753,sh601155,新城控股,2018-12-19,556.73,7.78,22.37
754,sh601155,新城控股,2018-12-20,558.09,7.8,22.43
755,sh601155,新城控股,2018-12-21,544.77,7.61,21.89
756,sh601155,新城控股,2018-12-24,537.1,7.5,21.58
757,sh601155,新城控股,2018-12-26,529.88,7.4,21.29
758,sh601155,新城控股,2018-12-27,528.07,7.38,21.22
759,sh601155,新城控股,2018-12-28,534.62,7.47,21.48
760,sh601155,新城控股,2019-01-02,545.22,7.62,21.91
761,sh601155,新城控股,2019-01-02,545.22,7.62,21.91
762,sh601155,新城控股,2019-01-03,547.71,7.65,22.01
763,sh601155,新城控股,2019-01-03,547.71,7.65,22.01
764,sh601155,新城控股,2019-01-04,566.44,7.91,22.76
765,sh601155,新城控股,2019-01-04,566.44,7.91,22.76
766,sh601155,新城控股,2019-01-07,568.47,7.94,22.84
767,sh601155,新城控股,2019-01-07,568.47,7.94,22.84
768,sh601155,新城控股,2019-01-07,568.47,7.94,22.84
769,sh601155,新城控股,2019-01-07,568.47,7.94,22.84
770,sh601155,新城控股,2019-01-08,568.47,7.94,22.84
771,sh601155,新城控股,2019-01-08,568.47,7.94,22.84
772,sh601155,新城控股,2019-01-09,561.7,7.85,22.57
773,sh601155,新城控股,2019-01-10,553.57,7.73,22.24
774,sh601155,新城控股,2019-01-10,553.57,7.73,22.24
775,sh601155,新城控股,2019-01-11,559.44,7.82,22.48
776,sh601155,新城控股,2019-01-11,559.44,7.82,22.48
777,sh601155,新城控股,2019-01-14,563.28,7.87,22.63
778,sh601155,新城控股,2019-01-14,563.28,7.87,22.63
779,sh601155,新城控股,2019-01-15,577.27,8.06,23.2
780,sh601155,新城控股,2019-01-15,577.27,8.06,23.2
781,sh601155,新城控股,2019-01-16,590.13,8.24,23.71
782,sh601155,新城控股,2019-01-17,584.94,8.17,23.51
783,sh601155,新城控股,2019-01-18,592.62,8.28,23.81
784,sh601155,新城控股,2019-01-18,592.62,8.28,23.81
785,sh601155,新城控股,2019-01-21,585.85,8.18,23.54
786,sh601155,新城控股,2019-01-21,585.85,8.18,23.54
787,sh601155,新城控股,2019-01-22,598.93,8.37,24.07
788,sh601155,新城控股,2019-01-22,598.93,8.37,24.07
789,sh601155,新城控股,2019-01-23,595.78,8.32,23.94
790,sh601155,新城控股,2019-01-24,603.45,8.43,24.25
791,sh601155,新城控股,2019-01-24,603.45,8.43,24.25
792,sh601155,新城控股,2019-01-25,612.25,8.55,24.6
793,sh601155,新城控股,2019-01-28,613.38,8.57,24.65
794,sh601155,新城控股,2019-01-28,613.38,8.57,24.65
795,sh601155,新城控股,2019-01-29,649.71,9.08,26.11
796,sh601155,新城控股,2019-01-29,649.71,9.08,26.11
797,sh601155,新城控股,2019-01-30,649.94,9.08,26.12
798,sh601155,新城控股,2019-01-30,649.94,9.08,26.12
799,sh601155,新城控股,2019-01-31,662.12,9.25,26.61
800,sh601155,新城控股,2019-01-31,662.12,9.25,26.61
801,sh601155,新城控股,2019-02-01,663.03,9.26,26.64
802,sh601155,新城控股,2019-02-01,663.03,9.26,26.64
803,sh601155,新城控股,2019-02-11,692.14,9.67,27.81
804,sh601155,新城控股,2019-02-11,692.14,9.67,27.81
805,sh601155,新城控股,2019-02-12,683.79,9.55,27.48
806,sh601155,新城控股,2019-02-12,683.79,9.55,27.48
807,sh601155,新城控股,2019-02-13,682.21,9.53,27.41
808,sh601155,新城控股,2019-02-13,682.21,9.53,27.41
809,sh601155,新城控股,2019-02-14,687.62,9.61,27.63
810,sh601155,新城控股,2019-02-15,672.05,9.39,27.01
811,sh601155,新城控股,2019-02-15,672.05,9.39,27.01
812,sh601155,新城控股,2019-02-18,694.17,9.7,27.89
813,sh601155,新城控股,2019-02-18,694.17,9.7,27.89
814,sh601155,新城控股,2019-02-19,687.4,9.6,27.62
815,sh601155,新城控股,2019-02-19,687.4,9.6,27.62
816,sh601155,新城控股,2019-02-20,692.36,9.67,27.82
817,sh601155,新城控股,2019-02-20,692.36,9.67,27.82
818,sh601155,新城控股,2019-02-21,689.88,9.64,27.72
819,sh601155,新城控股,2019-02-21,689.88,9.64,27.72
820,sh601155,新城控股,2019-02-22,710.64,9.93,28.56
821,sh601155,新城控股,2019-02-22,710.64,9.93,28.56
822,sh601155,新城控股,2019-02-25,731.86,10.22,29.41
823,sh601155,新城控股,2019-02-25,731.86,10.22,29.41
824,sh601155,新城控股,2019-02-26,750.14,10.48,30.14
825,sh601155,新城控股,2019-02-26,750.14,10.48,30.14
826,sh601155,新城控股,2019-02-27,750.14,10.48,30.14
827,sh601155,新城控股,2019-02-28,763.22,10.66,30.67
828,sh601155,新城控股,2019-03-01,760.29,10.62,30.55
829,sh601155,新城控股,2019-03-04,781.28,10.91,31.39
830,sh601155,新城控股,2019-03-05,821.45,11.48,33.01
831,sh601155,新城控股,2019-03-05,821.45,11.48,33.01
832,sh601155,新城控股,2019-03-06,821.9,11.48,33.03
833,sh601155,新城控股,2019-03-07,788.95,11.02,31.7
834,sh601155,新城控股,2019-03-08,775.41,10.83,31.16
835,sh601155,新城控股,2019-03-11,819.87,7.81,32.95
836,sh601155,新城控股,2019-03-12,854.17,8.14,34.32
837,sh601155,新城控股,2019-03-13,867.48,8.27,34.86
838,sh601155,新城控股,2019-03-14,872.9,8.32,35.08
839,sh601155,新城控股,2019-03-15,945.79,9.02,38.01
840,sh601155,新城控股,2019-03-15,945.79,9.02,38.01
841,sh601155,新城控股,2019-03-18,1001.99,9.55,40.26
842,sh601155,新城控股,2019-03-19,970.84,9.25,39.01
843,sh601155,新城控股,2019-03-19,970.84,9.25,39.01
844,sh601155,新城控股,2019-03-20,959.33,9.14,38.55
845,sh601155,新城控股,2019-03-20,959.33,9.14,38.55
846,sh601155,新城控股,2019-03-21,964.07,9.19,38.74
847,sh601155,新城控股,2019-03-21,964.07,9.19,38.74
848,sh601155,新城控股,2019-03-22,943.76,9.0,37.92
849,sh601155,新城控股,2019-03-22,943.76,9.0,37.92
850,sh601155,新城控股,2019-03-25,929.54,8.86,37.35
851,sh601155,新城控股,2019-03-25,929.54,8.86,37.35
852,sh601155,新城控股,2019-03-26,933.38,8.9,37.51
853,sh601155,新城控股,2019-03-26,933.38,8.9,37.51
854,sh601155,新城控股,2019-03-27,958.66,9.14,38.52
855,sh601155,新城控股,2019-03-27,958.66,9.14,38.52
856,sh601155,新城控股,2019-03-28,946.02,9.02,38.01
857,sh601155,新城控股,2019-03-28,946.02,9.02,38.01
858,sh601155,新城控股,2019-03-29,1018.91,9.71,40.94
859,sh601155,新城控股,2019-04-01,1019.36,9.72,40.96
860,sh601155,新城控股,2019-04-01,1019.36,9.72,40.96
861,sh601155,新城控股,2019-04-02,1026.13,9.78,41.23
862,sh601155,新城控股,2019-04-02,1026.13,9.78,41.23
863,sh601155,新城控股,2019-04-03,967.68,9.22,38.89
864,sh601155,新城控股,2019-04-03,967.68,9.22,38.89
865,sh601155,新城控股,2019-04-04,973.33,9.28,39.11
866,sh601155,新城控股,2019-04-04,973.33,9.28,39.11
867,sh601155,新城控股,2019-04-08,977.61,9.32,39.28
868,sh601155,新城控股,2019-04-08,977.61,9.32,39.28
869,sh601155,新城控股,2019-04-09,1053.21,10.04,42.32
870,sh601155,新城控股,2019-04-09,1053.21,10.04,42.32
871,sh601155,新城控股,2019-04-10,1033.58,9.85,41.53
872,sh601155,新城控股,2019-04-10,1033.58,9.85,41.53
873,sh601155,新城控股,2019-04-11,999.5,9.53,40.16
874,sh601155,新城控股,2019-04-11,999.5,9.53,40.16
875,sh601155,新城控股,2019-04-12,969.49,9.24,38.96
876,sh601155,新城控股,2019-04-12,969.49,9.24,38.96
877,sh601155,新城控股,2019-04-15,940.38,8.96,37.79
878,sh601155,新城控股,2019-04-15,940.38,8.96,37.79
879,sh601155,新城控股,2019-04-16,959.11,9.14,38.54
880,sh601155,新城控股,2019-04-17,925.03,8.82,37.17
881,sh601155,新城控股,2019-04-17,925.03,8.82,37.17
882,sh601155,新城控股,2019-04-18,930.9,8.87,37.41
883,sh601155,新城控股,2019-04-18,930.9,8.87,37.41
884,sh601155,新城控股,2019-04-19,938.12,8.94,37.7
885,sh601155,新城控股,2019-04-19,938.12,8.94,37.7
886,sh601155,新城控股,2019-04-22,881.7,8.4,35.43
887,sh601155,新城控股,2019-04-23,898.18,8.56,36.09
888,sh601155,新城控股,2019-04-24,904.95,8.63,36.36
889,sh601155,新城控股,2019-04-25,897.5,8.55,36.07
890,sh601155,新城控股,2019-04-26,902.46,8.6,36.26
891,sh601155,新城控股,2019-04-29,880.12,8.39,35.37
892,sh601155,新城控股,2019-04-30,894.11,8.65,35.93
893,sh601155,新城控股,2019-05-06,846.27,8.19,34.01
894,sh601155,新城控股,2019-05-07,863.42,8.35,34.7
895,sh601155,新城控股,2019-05-07,863.42,8.35,34.7
896,sh601155,新城控股,2019-05-08,832.05,8.05,33.44
897,sh601155,新城控股,2019-05-08,832.05,8.05,33.44
898,sh601155,新城控股,2019-05-09,823.25,7.96,33.08
899,sh601155,新城控股,2019-05-09,823.25,7.96,33.08
900,sh601155,新城控股,2019-05-10,864.33,8.36,34.73
901,sh601155,新城控股,2019-05-10,864.33,8.36,34.73
902,sh601155,新城控股,2019-05-13,867.48,8.39,34.86
903,sh601155,新城控股,2019-05-14,839.5,8.12,33.73
904,sh601155,新城控股,2019-05-15,855.52,8.28,34.38
905,sh601155,新城控股,2019-05-16,875.61,8.47,35.19
906,sh601155,新城控股,2019-05-16,875.61,8.47,35.19
907,sh601155,新城控股,2019-05-17,835.21,8.08,33.56
908,sh601155,新城控股,2019-05-20,818.74,7.92,32.9
909,sh601155,新城控股,2019-05-20,818.74,7.92,32.9
910,sh601155,新城控股,2019-05-21,837.24,8.1,33.64
911,sh601155,新城控股,2019-05-21,837.24,8.1,33.64
912,sh601155,新城控股,2019-05-22,839.28,8.12,33.73
913,sh601155,新城控股,2019-05-22,839.28,8.12,33.73
914,sh601155,新城控股,2019-05-23,821.45,7.95,33.01
915,sh601155,新城控股,2019-05-23,821.45,7.95,33.01
916,sh601155,新城控股,2019-05-24,815.35,7.89,32.76
917,sh601155,新城控股,2019-05-24,815.35,7.89,32.76
918,sh601155,新城控股,2019-05-27,800.23,7.74,33.52
919,sh601155,新城控股,2019-05-27,800.23,7.74,33.52
920,sh601155,新城控股,2019-05-28,834.09,8.07,34.93
921,sh601155,新城控股,2019-05-29,813.77,7.87,34.08
922,sh601155,新城控股,2019-05-29,813.77,7.87,34.08
923,sh601155,新城控股,2019-05-30,807.91,7.82,33.84
924,sh601155,新城控股,2019-05-30,807.91,7.82,33.84
925,sh601155,新城控股,2019-05-31,834.99,8.08,34.97
926,sh601155,新城控股,2019-05-31,834.99,8.08,34.97
927,sh601155,新城控股,2019-06-03,837.24,8.1,35.07
928,sh601155,新城控股,2019-06-03,837.24,8.1,35.07
929,sh601155,新城控股,2019-06-04,828.22,8.01,34.69
930,sh601155,新城控股,2019-06-05,846.95,8.19,35.47
931,sh601155,新城控股,2019-06-05,846.95,8.19,35.47
932,sh601155,新城控股,2019-06-06,853.94,8.26,35.77
933,sh601155,新城控股,2019-06-06,853.94,8.26,35.77
934,sh601155,新城控股,2019-06-10,881.25,8.52,36.91
935,sh601155,新城控股,2019-06-10,881.25,8.52,36.91
936,sh601155,新城控股,2019-06-11,891.41,8.62,37.34
937,sh601155,新城控股,2019-06-11,891.41,8.62,37.34
938,sh601155,新城控股,2019-06-12,881.93,8.53,36.94
939,sh601155,新城控股,2019-06-12,881.93,8.53,36.94
940,sh601155,新城控股,2019-06-13,888.25,8.59,37.2
941,sh601155,新城控股,2019-06-13,888.25,8.59,37.2
942,sh601155,新城控股,2019-06-14,902.69,8.73,37.81
943,sh601155,新城控股,2019-06-14,902.69,8.73,37.81
944,sh601155,新城控股,2019-06-17,898.18,8.69,37.62
945,sh601155,新城控股,2019-06-18,896.37,8.67,37.54
946,sh601155,新城控股,2019-06-18,896.37,8.67,37.54
947,sh601155,新城控股,2019-06-19,876.51,8.48,36.71
948,sh601155,新城控股,2019-06-20,898.18,8.69,37.62
949,sh601155,新城控股,2019-06-20,898.18,8.69,37.62
950,sh601155,新城控股,2019-06-21,888.7,8.6,37.22
951,sh601155,新城控股,2019-06-21,888.7,8.6,37.22
952,sh601155,新城控股,2019-06-24,917.81,8.88,38.44
953,sh601155,新城控股,2019-06-25,906.98,8.77,37.99
954,sh601155,新城控股,2019-06-25,906.98,8.77,37.99
955,sh601155,新城控股,2019-06-26,899.53,8.7,37.68
956,sh601155,新城控股,2019-06-26,899.53,8.7,37.68
957,sh601155,新城控股,2019-06-27,909.46,8.8,38.09
958,sh601155,新城控股,2019-06-27,909.46,8.8,38.09
959,sh601155,新城控股,2019-06-28,898.4,8.69,37.63
960,sh601155,新城控股,2019-06-28,898.4,8.69,37.63
961,sh601155,新城控股,2019-07-01,927.51,8.97,38.85
962,sh601155,新城控股,2019-07-01,927.51,8.97,38.85
963,sh601155,新城控股,2019-07-02,928.19,8.98,38.88
964,sh601155,新城控股,2019-07-02,928.19,8.98,38.88
965,sh601155,新城控股,2019-07-03,963.4,9.32,40.35
966,sh601155,新城控股,2019-07-03,963.4,9.32,40.35
967,sh601155,新城控股,2019-07-04,867.03,8.39,36.31
968,sh601155,新城控股,2019-07-05,780.38,7.55,32.69
969,sh601155,新城控股,2019-07-08,702.29,6.79,29.41
970,sh601155,新城控股,2019-07-08,702.29,6.79,29.41
971,sh601155,新城控股,2019-07-09,639.78,6.19,26.8
972,sh601155,新城控股,2019-07-10,633.24,6.13,26.52
973,sh601155,新城控股,2019-07-10,633.24,6.13,26.52
974,sh601155,新城控股,2019-07-11,611.35,5.91,25.61
975,sh601155,新城控股,2019-07-11,611.35,5.91,25.61
976,sh601155,新城控股,2019-07-12,628.27,6.08,26.31
977,sh601155,新城控股,2019-07-15,621.28,6.01,26.02
978,sh601155,新城控股,2019-07-15,621.28,6.01,26.02
979,sh601155,新城控股,2019-07-16,649.49,6.28,27.2
980,sh601155,新城控股,2019-07-16,649.49,6.28,27.2
981,sh601155,新城控股,2019-07-17,691.91,6.69,28.98
982,sh601155,新城控股,2019-07-17,691.91,6.69,28.98
983,sh601155,新城控股,2019-07-18,677.47,6.55,28.38
984,sh601155,新城控股,2019-07-18,677.47,6.55,28.38
985,sh601155,新城控股,2019-07-19,673.86,6.52,28.22
986,sh601155,新城控股,2019-07-19,673.86,6.52,28.22
987,sh601155,新城控股,2019-07-22,670.25,6.48,28.07
988,sh601155,新城控股,2019-07-23,603.22,5.84,25.27
989,sh601155,新城控股,2019-07-24,608.64,5.89,25.49
990,sh601155,新城控股,2019-07-24,608.64,5.89,25.49
991,sh601155,新城控股,2019-07-25,613.6,5.94,25.7
992,sh601155,新城控股,2019-07-26,611.57,5.92,25.62
993,sh601155,新城控股,2019-07-26,611.57,5.92,25.62
994,sh601155,新城控股,2019-07-29,605.7,5.86,25.37
995,sh601155,新城控股,2019-07-30,602.09,5.82,25.22
996,sh601155,新城控股,2019-07-31,594.2,5.75,24.89
997,sh601155,新城控股,2019-07-31,594.2,5.75,24.89
998,sh601155,新城控股,2019-08-01,587.2,5.68,24.59
999,sh601155,新城控股,2019-08-01,587.2,5.68,24.59
1000,sh601155,新城控股,2019-08-02,577.04,5.58,24.17
1001,sh601155,新城控股,2019-08-02,577.04,5.58,24.17
1002,sh601155,新城控股,2019-08-05,558.99,,
1003,sh601155,新城控股,2019-08-06,540.94,,
1004,sh601155,新城控股,2019-08-07,554.03,,
1005,sh601155,新城控股,2019-08-08,546.58,,
1006,sh601155,新城控股,2019-08-09,532.59,5.15,22.31
1007,sh601155,新城控股,2019-08-12,542.07,5.24,22.7
1008,sh601155,新城控股,2019-08-12,542.07,5.24,22.7
1009,sh601155,新城控股,2019-08-13,539.58,5.22,22.6
1010,sh601155,新城控股,2019-08-13,539.58,5.22,22.6
1011,sh601155,新城控股,2019-08-14,542.74,5.25,22.73
1012,sh601155,新城控股,2019-08-14,542.74,5.25,22.73
1013,sh601155,新城控股,2019-08-14,542.74,5.25,22.73
1014,sh601155,新城控股,2019-08-14,542.74,5.25,22.73
1015,sh601155,新城控股,2019-08-15,547.71,5.3,22.94
1016,sh601155,新城控股,2019-08-15,547.71,5.3,22.94
1017,sh601155,新城控股,2019-08-16,572.98,5.54,24.0
1018,sh601155,新城控股,2019-08-16,572.98,5.54,24.0
1019,sh601155,新城控股,2019-08-19,580.43,5.61,24.31
1020,sh601155,新城控股,2019-08-19,580.43,5.61,24.31
1021,sh601155,新城控股,2019-08-20,584.04,5.65,24.46
1022,sh601155,新城控股,2019-08-21,577.5,5.59,24.19
1023,sh601155,新城控股,2019-08-22,577.95,5.59,24.21
1024,sh601155,新城控股,2019-08-22,577.95,5.59,24.21
1025,sh601155,新城控股,2019-08-23,581.56,5.63,24.36
1026,sh601155,新城控股,2019-08-23,581.56,5.63,24.36
1027,sh601155,新城控股,2019-08-26,569.6,5.51,23.86
1028,sh601155,新城控股,2019-08-27,582.01,5.63,24.38
1029,sh601155,新城控股,2019-08-27,582.01,5.63,24.38
1030,sh601155,新城控股,2019-08-28,583.81,5.65,24.45
1031,sh601155,新城控股,2019-08-29,569.6,5.51,23.86
1032,sh601155,新城控股,2019-08-29,569.6,5.51,23.86
1033,sh601155,新城控股,2019-08-30,559.44,5.41,23.43
1034,sh601155,新城控股,2019-08-30,559.44,5.41,23.43
1035,sh601155,新城控股,2019-09-02,564.41,5.46,23.64
1036,sh601155,新城控股,2019-09-02,564.41,5.46,23.64
1037,sh601155,新城控股,2019-09-03,557.19,5.39,23.34
1038,sh601155,新城控股,2019-09-04,577.5,5.59,24.19
1039,sh601155,新城控股,2019-09-04,577.5,5.59,24.19
1040,sh601155,新城控股,2019-09-05,575.24,5.56,24.09
1041,sh601155,新城控股,2019-09-05,575.24,5.56,24.09
1042,sh601155,新城控股,2019-09-06,572.31,5.54,23.97
1043,sh601155,新城控股,2019-09-06,572.31,5.54,23.97
1044,sh601155,新城控股,2019-09-06,572.31,5.54,23.97
1045,sh601155,新城控股,2019-09-06,572.31,5.54,23.97
1046,sh601155,新城控股,2019-09-09,575.46,5.57,24.1
1047,sh601155,新城控股,2019-09-10,576.37,5.58,24.14
1048,sh601155,新城控股,2019-09-10,576.37,5.58,24.14
1049,sh601155,新城控股,2019-09-11,579.98,5.5,24.29
1050,sh601155,新城控股,2019-09-11,579.98,5.5,24.29
1051,sh601155,新城控股,2019-09-12,593.29,5.63,24.85
1052,sh601155,新城控股,2019-09-12,593.29,5.63,24.85
1053,sh601155,新城控股,2019-09-16,599.84,5.69,25.12
1054,sh601155,新城控股,2019-09-16,599.84,5.69,25.12
1055,sh601155,新城控股,2019-09-17,595.78,5.65,24.95
1056,sh601155,新城控股,2019-09-17,595.78,5.65,24.95
1057,sh601155,新城控股,2019-09-18,602.32,5.71,25.23
1058,sh601155,新城控股,2019-09-18,602.32,5.71,25.23
1059,sh601155,新城控股,2019-09-19,592.16,5.62,24.8
1060,sh601155,新城控股,2019-09-19,592.16,5.62,24.8
1061,sh601155,新城控股,2019-09-20,591.71,5.61,24.78
1062,sh601155,新城控股,2019-09-23,583.14,5.53,24.42
1063,sh601155,新城控股,2019-09-23,583.14,5.53,24.42
1064,sh601155,新城控股,2019-09-24,588.1,5.58,24.63
1065,sh601155,新城控股,2019-09-24,588.1,5.58,24.63
1066,sh601155,新城控股,2019-09-24,588.1,5.58,24.63
1067,sh601155,新城控股,2019-09-24,588.1,5.58,24.63
1068,sh601155,新城控股,2019-09-25,592.39,5.62,24.81
1069,sh601155,新城控股,2019-09-25,592.39,5.62,24.81
1070,sh601155,新城控股,2019-09-26,618.79,5.87,25.92
1071,sh601155,新城控股,2019-09-27,618.12,5.86,25.89
1072,sh601155,新城控股,2019-09-27,618.12,5.86,25.89
1073,sh601155,新城控股,2019-09-30,640.46,6.07,26.83
1074,sh601155,新城控股,2019-09-30,640.46,6.07,26.83
1075,sh601155,新城控股,2019-10-08,647.68,6.14,27.13
1076,sh601155,新城控股,2019-10-08,647.68,6.14,27.13
1077,sh601155,新城控股,2019-10-09,637.3,6.04,26.69
1078,sh601155,新城控股,2019-10-09,637.3,6.04,26.69
1079,sh601155,新城控股,2019-10-09,637.3,6.04,26.69
1080,sh601155,新城控股,2019-10-09,637.3,6.04,26.69
1081,sh601155,新城控股,2019-10-10,633.69,6.01,26.54
1082,sh601155,新城控股,2019-10-10,633.69,6.01,26.54
1083,sh601155,新城控股,2019-10-11,642.72,6.09,26.92
1084,sh601155,新城控股,2019-10-14,657.38,6.23,27.53
1085,sh601155,新城控股,2019-10-14,657.38,6.23,27.53
1086,sh601155,新城控股,2019-10-15,662.57,6.28,27.75
1087,sh601155,新城控股,2019-10-15,662.57,6.28,27.75
1088,sh601155,新城控股,2019-10-16,682.88,6.48,28.6
1089,sh601155,新城控股,2019-10-16,682.88,6.48,28.6
1090,sh601155,新城控股,2019-10-17,686.5,6.51,28.75
1091,sh601155,新城控股,2019-10-17,686.5,6.51,28.75
1092,sh601155,新城控股,2019-10-18,679.27,6.44,28.45
1093,sh601155,新城控股,2019-10-18,679.27,6.44,28.45
1094,sh601155,新城控股,2019-10-21,703.87,6.67,29.48
1095,sh601155,新城控股,2019-10-21,703.87,6.67,29.48
1096,sh601155,新城控股,2019-10-22,740.43,7.02,31.01
1097,sh601155,新城控股,2019-10-22,740.43,7.02,31.01
1098,sh601155,新城控股,2019-10-23,736.14,6.98,30.83
1099,sh601155,新城控股,2019-10-23,736.14,6.98,30.83
1100,sh601155,新城控股,2019-10-24,761.64,7.22,31.9
1101,sh601155,新城控股,2019-10-24,761.64,7.22,31.9
1102,sh601155,新城控股,2019-10-25,755.78,7.17,31.66
1103,sh601155,新城控股,2019-10-28,739.08,6.66,30.96
1104,sh601155,新城控股,2019-10-29,744.72,6.71,31.19
1105,sh601155,新城控股,2019-10-29,744.72,6.71,31.19
1106,sh601155,新城控股,2019-10-30,750.36,6.76,31.43
1107,sh601155,新城控股,2019-10-31,718.09,6.47,30.08
1108,sh601155,新城控股,2019-11-01,747.88,6.74,31.32
1109,sh601155,新城控股,2019-11-01,747.88,6.74,31.32
1110,sh601155,新城控股,2019-11-04,744.72,6.71,31.19
1111,sh601155,新城控股,2019-11-05,745.4,6.71,31.22
1112,sh601155,新城控股,2019-11-06,756.23,6.81,31.67
1113,sh601155,新城控股,2019-11-06,756.23,6.81,31.67
1114,sh601155,新城控股,2019-11-07,776.31,6.99,32.52
1115,sh601155,新城控股,2019-11-08,767.51,6.91,32.15
1116,sh601155,新城控股,2019-11-11,744.49,6.71,31.18
1117,sh601155,新城控股,2019-11-12,751.04,6.76,31.46
1118,sh601155,新城控股,2019-11-13,731.86,6.59,30.65
1119,sh601155,新城控股,2019-11-14,728.92,6.57,30.53
1120,sh601155,新城控股,2019-11-15,725.31,6.53,30.38
1121,sh601155,新城控股,2019-11-18,733.44,6.61,30.72
1122,sh601155,新城控股,2019-11-19,743.36,6.7,31.14
1123,sh601155,新城控股,2019-11-20,723.28,6.51,30.29
1124,sh601155,新城控股,2019-11-21,712.67,6.42,29.85
1125,sh601155,新城控股,2019-11-22,712.0,6.41,29.82
1126,sh601155,新城控股,2019-11-25,721.7,6.5,30.23
1127,sh601155,新城控股,2019-11-26,729.6,6.57,30.56
1128,sh601155,新城控股,2019-11-26,729.6,6.57,30.56
1129,sh601155,新城控股,2019-11-27,746.3,6.72,31.26
1130,sh601155,新城控股,2019-11-28,749.23,6.75,31.38
1131,sh601155,新城控股,2019-11-29,736.82,6.64,30.86
1132,sh601155,新城控股,2019-11-29,736.82,6.64,30.86
1133,sh601155,新城控股,2019-12-02,767.29,6.91,32.14
1134,sh601155,新城控股,2019-12-03,765.93,6.9,32.08
1135,sh601155,新城控股,2019-12-03,765.93,6.9,32.08
1136,sh601155,新城控股,2019-12-04,763.45,6.88,31.98
1137,sh601155,新城控股,2019-12-05,766.61,6.91,32.11
1138,sh601155,新城控股,2019-12-06,782.18,7.05,32.76
1139,sh601155,新城控股,2019-12-09,825.96,7.44,34.59
1140,sh601155,新城控股,2019-12-10,834.99,7.52,34.97
1141,sh601155,新城控股,2019-12-11,836.12,7.53,35.02
1142,sh601155,新城控股,2019-12-12,829.8,7.47,34.76
1143,sh601155,新城控股,2019-12-13,835.66,7.53,35.0
1144,sh601155,新城控股,2019-12-16,845.14,7.61,35.4
1145,sh601155,新城控股,2019-12-16,845.14,7.61,35.4
1146,sh601155,新城控股,2019-12-17,859.13,7.74,35.98
1147,sh601155,新城控股,2019-12-17,859.13,7.74,35.98
1148,sh601155,新城控股,2019-12-18,847.4,7.63,35.49
1149,sh601155,新城控股,2019-12-19,840.86,7.57,35.22
1150,sh601155,新城控股,2019-12-19,840.86,7.57,35.22
1151,sh601155,新城控股,2019-12-20,852.82,7.68,35.72
1152,sh601155,新城控股,2019-12-20,852.82,7.68,35.72
1153,sh601155,新城控股,2019-12-23,838.15,7.55,35.11
1154,sh601155,新城控股,2019-12-24,827.77,7.46,34.67
1155,sh601155,新城控股,2019-12-24,827.77,7.46,34.67
1156,sh601155,新城控股,2019-12-25,831.38,7.49,34.82
1157,sh601155,新城控股,2019-12-26,850.33,7.66,35.62
1158,sh601155,新城控股,2019-12-27,844.01,7.6,35.35
1159,sh601155,新城控股,2019-12-27,844.01,7.6,35.35
1160,sh601155,新城控股,2019-12-30,870.19,7.84,36.45
1161,sh601155,新城控股,2019-12-30,870.19,7.84,36.45
1162,sh601155,新城控股,2019-12-31,873.8,7.87,36.6
1163,sh601155,新城控股,2019-12-31,873.8,7.87,36.6
1164,sh601155,新城控股,2020-01-02,877.41,7.9,36.75
1165,sh601155,新城控股,2020-01-03,864.55,7.79,36.21
1166,sh601155,新城控股,2020-01-06,858.91,7.74,35.97
1167,sh601155,新城控股,2020-01-07,872.0,7.85,36.52
1168,sh601155,新城控股,2020-01-07,872.0,7.85,36.52
1169,sh601155,新城控股,2020-01-08,849.66,7.65,35.59
1170,sh601155,新城控股,2020-01-08,849.66,7.65,35.59
1171,sh601155,新城控股,2020-01-09,869.74,7.83,36.43
1172,sh601155,新城控股,2020-01-09,869.74,7.83,36.43
1173,sh601155,新城控股,2020-01-10,876.74,7.9,36.72
1174,sh601155,新城控股,2020-01-10,876.74,7.9,36.72
1175,sh601155,新城控股,2020-01-13,880.12,7.93,36.86
1176,sh601155,新城控股,2020-01-13,880.12,7.93,36.86
1177,sh601155,新城控股,2020-01-14,861.39,7.76,36.08
1178,sh601155,新城控股,2020-01-14,861.39,7.76,36.08
1179,sh601155,新城控股,2020-01-15,842.89,7.59,35.3
1180,sh601155,新城控股,2020-01-15,842.89,7.59,35.3
1181,sh601155,新城控股,2020-01-16,855.75,7.71,35.84
1182,sh601155,新城控股,2020-01-16,855.75,7.71,35.84
1183,sh601155,新城控股,2020-01-17,846.27,7.62,35.45
1184,sh601155,新城控股,2020-01-20,837.24,7.54,35.07
1185,sh601155,新城控股,2020-01-20,837.24,7.54,35.07
1186,sh601155,新城控股,2020-01-21,800.69,7.21,33.54
1187,sh601155,新城控股,2020-01-21,800.69,7.21,33.54
1188,sh601155,新城控股,2020-01-22,812.2,7.32,34.02
1189,sh601155,新城控股,2020-01-23,767.29,6.91,32.14
1190,sh601155,新城控股,2020-01-23,767.29,6.91,32.14
1191,sh601155,新城控股,2020-02-03,690.56,6.22,28.92
1192,sh601155,新城控股,2020-02-03,690.56,6.22,28.92
1193,sh601155,新城控股,2020-02-04,741.33,6.68,31.05
1194,sh601155,新城控股,2020-02-04,741.33,6.68,31.05
1195,sh601155,新城控股,2020-02-05,730.05,6.58,30.58
1196,sh601155,新城控股,2020-02-06,746.75,6.73,31.28
1197,sh601155,新城控股,2020-02-06,746.75,6.73,31.28
1198,sh601155,新城控股,2020-02-07,741.33,6.68,31.05
1199,sh601155,新城控股,2020-02-07,741.33,6.68,31.05
1200,sh601155,新城控股,2020-02-10,755.55,6.81,31.65
1201,sh601155,新城控股,2020-02-10,755.55,6.81,31.65
1202,sh601155,新城控股,2020-02-11,776.09,6.99,32.51
1203,sh601155,新城控股,2020-02-11,776.09,6.99,32.51
1204,sh601155,新城控股,2020-02-12,773.38,6.97,32.39
1205,sh601155,新城控股,2020-02-12,773.38,6.97,32.39
1206,sh601155,新城控股,2020-02-13,775.18,6.98,32.47
1207,sh601155,新城控股,2020-02-13,775.18,6.98,32.47
1208,sh601155,新城控股,2020-02-14,794.37,7.16,33.27
1209,sh601155,新城控股,2020-02-14,794.37,7.16,33.27
1210,sh601155,新城控股,2020-02-17,795.04,7.16,33.3
1211,sh601155,新城控股,2020-02-18,773.61,6.97,32.4
1212,sh601155,新城控股,2020-02-19,769.99,6.94,32.25
1213,sh601155,新城控股,2020-02-20,772.25,6.96,32.34
1214,sh601155,新城控股,2020-02-20,772.25,6.96,32.34
1215,sh601155,新城控股,2020-02-21,759.16,6.84,31.8
1216,sh601155,新城控股,2020-02-21,759.16,6.84,31.8
1217,sh601155,新城控股,2020-02-24,750.36,6.76,31.43
1218,sh601155,新城控股,2020-02-25,751.94,6.77,31.49
1219,sh601155,新城控股,2020-02-26,758.03,6.83,31.75
1220,sh601155,新城控股,2020-02-26,758.03,6.83,31.75
1221,sh601155,新城控股,2020-02-27,744.72,6.71,31.19
1222,sh601155,新城控股,2020-02-27,744.72,6.71,31.19
1223,sh601155,新城控股,2020-02-28,724.41,6.52,30.34
1224,sh601155,新城控股,2020-02-28,724.41,6.52,30.34
1225,sh601155,新城控股,2020-03-02,760.06,6.85,31.83
1226,sh601155,新城控股,2020-03-02,760.06,6.85,31.83
1227,sh601155,新城控股,2020-03-03,752.17,6.77,31.5
1228,sh601155,新城控股,2020-03-03,752.17,6.77,31.5
1229,sh601155,新城控股,2020-03-04,783.99,7.06,32.84
1230,sh601155,新城控股,2020-03-04,783.99,7.06,32.84
1231,sh601155,新城控股,2020-03-05,792.11,7.13,33.18
1232,sh601155,新城控股,2020-03-06,774.28,6.97,32.43
1233,sh601155,新城控股,2020-03-06,774.28,6.97,32.43
1234,sh601155,新城控股,2020-03-09,744.27,6.7,31.17
1235,sh601155,新城控股,2020-03-09,744.27,6.7,31.17
1236,sh601155,新城控股,2020-03-10,764.35,6.88,32.01
1237,sh601155,新城控股,2020-03-10,764.35,6.88,32.01
1238,sh601155,新城控股,2020-03-11,775.86,6.99,32.5
1239,sh601155,新城控股,2020-03-12,749.23,6.75,31.38
1240,sh601155,新城控股,2020-03-12,749.23,6.75,31.38
1241,sh601155,新城控股,2020-03-13,726.67,6.55,30.44
1242,sh601155,新城控股,2020-03-13,726.67,6.55,30.44
1243,sh601155,新城控股,2020-03-16,680.4,6.13,28.5
1244,sh601155,新城控股,2020-03-16,680.4,6.13,28.5
1245,sh601155,新城控股,2020-03-17,656.93,5.92,27.51
1246,sh601155,新城控股,2020-03-17,656.93,5.92,27.51
1247,sh601155,新城控股,2020-03-18,625.34,5.63,26.19
1248,sh601155,新城控股,2020-03-19,614.73,5.54,25.75
1249,sh601155,新城控股,2020-03-19,614.73,5.54,25.75
1250,sh601155,新城控股,2020-03-20,654.22,5.89,27.4
1251,sh601155,新城控股,2020-03-23,609.99,5.49,25.55
1252,sh601155,新城控股,2020-03-23,609.99,5.49,25.55
1253,sh601155,新城控股,2020-03-24,627.37,5.65,26.28
1254,sh601155,新城控股,2020-03-24,627.37,5.65,26.28
1255,sh601155,新城控股,2020-03-25,670.25,6.04,28.07
1256,sh601155,新城控股,2020-03-26,679.27,6.12,28.45
1257,sh601155,新城控股,2020-03-27,699.36,6.3,29.29
1258,sh601155,新城控股,2020-03-30,706.35,6.36,29.58
1259,sh601155,新城控股,2020-03-31,705.68,5.58,29.56
1260,sh601155,新城控股,2020-04-01,698.68,5.52,29.26
1261,sh601155,新城控股,2020-04-02,710.19,5.61,29.75
1262,sh601155,新城控股,2020-04-03,713.58,5.64,29.89
1263,sh601155,新城控股,2020-04-07,722.15,5.71,30.25
1264,sh601155,新城控股,2020-04-08,707.48,5.59,29.63
1265,sh601155,新城控股,2020-04-08,707.48,5.59,29.63
1266,sh601155,新城控股,2020-04-09,704.1,5.56,29.49
1267,sh601155,新城控股,2020-04-10,706.13,5.58,29.58
1268,sh601155,新城控股,2020-04-13,706.35,5.58,29.58
1269,sh601155,新城控股,2020-04-13,706.35,5.58,29.58
1270,sh601155,新城控股,2020-04-14,720.35,5.69,30.17
1271,sh601155,新城控股,2020-04-14,720.35,5.69,30.17
1272,sh601155,新城控股,2020-04-15,705.9,5.58,29.57
1273,sh601155,新城控股,2020-04-16,702.52,5.55,29.42
1274,sh601155,新城控股,2020-04-17,714.03,5.64,29.91
1275,sh601155,新城控股,2020-04-20,709.51,5.61,29.72
1276,sh601155,新城控股,2020-04-21,683.79,5.4,28.64
1277,sh601155,新城控股,2020-04-21,683.79,5.4,28.64
1278,sh601155,新城控股,2020-04-22,689.65,,
1279,sh601155,新城控股,2020-04-23,691.69,5.47,28.97
1280,sh601155,新城控股,2020-04-23,691.69,5.47,28.97
1281,sh601155,新城控股,2020-04-24,685.37,5.42,28.71
1282,sh601155,新城控股,2020-04-24,685.37,5.42,28.71
1283,sh601155,新城控股,2020-04-27,678.6,5.36,28.42
1284,sh601155,新城控股,2020-04-27,678.6,5.36,28.42
1285,sh601155,新城控股,2020-04-28,690.11,5.45,28.9
1286,sh601155,新城控股,2020-04-28,690.11,5.45,28.9
1287,sh601155,新城控股,2020-04-29,728.47,5.76,30.51
1288,sh601155,新城控股,2020-04-29,728.47,5.76,30.51
1289,sh601155,新城控股,2020-04-30,716.74,5.63,30.02
1290,sh601155,新城控股,2020-04-30,716.74,5.63,30.02
1291,sh601155,新城控股,2020-05-06,708.39,5.57,29.67
1292,sh601155,新城控股,2020-05-06,708.39,5.57,29.67
1293,sh601155,新城控股,2020-05-07,702.07,5.52,29.41
1294,sh601155,新城控股,2020-05-08,728.7,5.73,30.52
1295,sh601155,新城控股,2020-05-08,728.7,5.73,30.52
1296,sh601155,新城控股,2020-05-11,731.18,5.75,30.62
1297,sh601155,新城控股,2020-05-12,717.64,5.64,30.06
1298,sh601155,新城控股,2020-05-13,722.6,5.68,30.27
1299,sh601155,新城控股,2020-05-14,708.61,5.57,29.68
1300,sh601155,新城控股,2020-05-15,709.29,5.58,29.71
1301,sh601155,新城控股,2020-05-18,716.06,5.63,29.99
1302,sh601155,新城控股,2020-05-19,710.87,5.59,29.77
1303,sh601155,新城控股,2020-05-20,709.29,5.58,29.71
1304,sh601155,新城控股,2020-05-21,704.77,5.54,29.52
1305,sh601155,新城控股,2020-05-22,688.3,5.41,28.83
1306,sh601155,新城控股,2020-05-22,688.3,5.41,28.83
1307,sh601155,新城控股,2020-05-25,701.62,5.52,29.39
1308,sh601155,新城控股,2020-05-26,702.29,5.52,29.41
1309,sh601155,新城控股,2020-05-27,699.58,5.5,29.3
1310,sh601155,新城控股,2020-05-27,699.58,5.5,29.3
1311,sh601155,新城控股,2020-05-28,707.48,5.56,29.63
1312,sh601155,新城控股,2020-05-29,706.35,5.55,29.59
1313,sh601155,新城控股,2020-05-29,706.35,5.55,29.59
1314,sh601155,新城控股,2020-06-01,726.44,5.71,30.43
1315,sh601155,新城控股,2020-06-02,744.27,5.85,31.17
1316,sh601155,新城控股,2020-06-03,744.27,5.85,31.17
1317,sh601155,新城控股,2020-06-04,737.27,5.8,30.88
1318,sh601155,新城控股,2020-06-05,732.76,5.76,30.69
1319,sh601155,新城控股,2020-06-05,732.76,5.76,30.69
1320,sh601155,新城控股,2020-06-08,740.21,5.82,31.0
1321,sh601155,新城控股,2020-06-09,744.49,5.85,31.18
1322,sh601155,新城控股,2020-06-10,732.76,5.76,30.69
1323,sh601155,新城控股,2020-06-11,719.9,5.66,30.15
1324,sh601155,新城控股,2020-06-12,714.48,5.62,29.93
1325,sh601155,新城控股,2020-06-15,701.39,5.51,29.38
1326,sh601155,新城控股,2020-06-16,713.12,5.61,29.87
1327,sh601155,新城控股,2020-06-17,727.34,5.72,30.46
1328,sh601155,新城控股,2020-06-18,728.24,5.73,30.5
1329,sh601155,新城控股,2020-06-19,728.92,5.73,30.53
1330,sh601155,新城控股,2020-06-22,714.25,5.62,29.92
1331,sh601155,新城控股,2020-06-23,704.32,5.54,29.5
1332,sh601155,新城控股,2020-06-24,716.96,5.64,30.03
1333,sh601155,新城控股,2020-06-29,694.39,5.46,29.08
1334,sh601155,新城控股,2020-06-30,705.0,5.54,29.53
1335,sh601155,新城控股,2020-07-01,748.78,5.89,31.36
1336,sh601155,新城控股,2020-07-02,771.57,6.07,32.32
1337,sh601155,新城控股,2020-07-03,776.99,6.11,32.54
1338,sh601155,新城控股,2020-07-06,848.53,6.67,35.54
1339,sh601155,新城控股,2020-07-07,853.04,6.71,35.73
1340,sh601155,新城控股,2020-07-08,849.88,6.68,35.6
1341,sh601155,新城控股,2020-07-09,859.59,6.76,36.0
1342,sh601155,新城控股,2020-07-10,833.41,6.55,34.91
1343,sh601155,新城控股,2020-07-13,791.66,6.22,34.76
1344,sh601155,新城控股,2020-07-14,774.06,6.09,33.99
1345,sh601155,新城控股,2020-07-15,753.52,5.92,33.09
1346,sh601155,新城控股,2020-07-16,731.18,5.75,32.11
1347,sh601155,新城控股,2020-07-16,731.18,5.75,32.11
1348,sh601155,新城控股,2020-07-17,732.76,5.76,32.18
1349,sh601155,新城控股,2020-07-17,732.76,5.76,32.18
1350,sh601155,新城控股,2020-07-20,770.67,6.06,33.84
1351,sh601155,新城控股,2020-07-20,770.67,6.06,33.84
1352,sh601155,新城控股,2020-07-21,765.93,6.02,33.63
1353,sh601155,新城控股,2020-07-21,765.93,6.02,33.63
1354,sh601155,新城控股,2020-07-22,767.06,6.03,33.68
1355,sh601155,新城控股,2020-07-22,767.06,6.03,33.68
1356,sh601155,新城控股,2020-07-23,760.52,5.98,33.4
1357,sh601155,新城控股,2020-07-24,739.98,5.82,32.5
1358,sh601155,新城控股,2020-07-24,739.98,5.82,32.5
1359,sh601155,新城控股,2020-07-27,727.79,5.72,31.96
1360,sh601155,新城控股,2020-07-27,727.79,5.72,31.96
1361,sh601155,新城控股,2020-07-28,734.56,5.77,32.26
1362,sh601155,新城控股,2020-07-28,734.56,5.77,32.26
1363,sh601155,新城控股,2020-07-29,742.46,5.84,32.6
1364,sh601155,新城控股,2020-07-29,742.46,5.84,32.6
1365,sh601155,新城控股,2020-07-30,758.94,5.97,33.33
1366,sh601155,新城控股,2020-07-31,767.96,6.04,33.72
1367,sh601155,新城控股,2020-08-03,775.41,6.1,34.05
1368,sh601155,新城控股,2020-08-03,775.41,6.1,34.05
1369,sh601155,新城控股,2020-08-04,775.41,6.1,34.05
1370,sh601155,新城控股,2020-08-05,764.13,6.01,33.56
1371,sh601155,新城控股,2020-08-06,762.55,5.99,33.49
1372,sh601155,新城控股,2020-08-07,755.55,5.94,33.18
1373,sh601155,新城控股,2020-08-07,755.55,5.94,33.18
1374,sh601155,新城控股,2020-08-10,775.86,6.1,34.07
1375,sh601155,新城控股,2020-08-10,775.86,6.1,34.07
1376,sh601155,新城控股,2020-08-11,775.41,6.1,34.05
1377,sh601155,新城控股,2020-08-11,775.41,6.1,34.05
1378,sh601155,新城控股,2020-08-12,781.05,6.14,34.3
1379,sh601155,新城控股,2020-08-12,781.05,6.14,34.3
1380,sh601155,新城控股,2020-08-13,772.7,6.07,33.93
1381,sh601155,新城控股,2020-08-14,792.11,6.23,34.78
1382,sh601155,新城控股,2020-08-17,816.26,6.42,35.84
1383,sh601155,新城控股,2020-08-17,816.26,6.42,35.84
1384,sh601155,新城控股,2020-08-18,807.68,6.35,35.47
1385,sh601155,新城控股,2020-08-18,807.68,6.35,35.47
1386,sh601155,新城控股,2020-08-19,799.78,6.29,35.12
1387,sh601155,新城控股,2020-08-19,799.78,6.29,35.12
1388,sh601155,新城控股,2020-08-20,802.27,6.31,35.23
1389,sh601155,新城控股,2020-08-20,802.27,6.31,35.23
1390,sh601155,新城控股,2020-08-21,810.39,6.37,35.59
1391,sh601155,新城控股,2020-08-21,810.39,6.37,35.59
1392,sh601155,新城控股,2020-08-24,803.62,6.06,35.29
1393,sh601155,新城控股,2020-08-25,817.84,6.17,35.91
1394,sh601155,新城控股,2020-08-25,817.84,6.17,35.91
1395,sh601155,新城控股,2020-08-26,817.84,6.17,35.91
1396,sh601155,新城控股,2020-08-27,805.88,6.07,35.39
1397,sh601155,新城控股,2020-08-27,805.88,6.07,35.39
1398,sh601155,新城控股,2020-08-28,812.42,6.12,35.68
1399,sh601155,新城控股,2020-08-28,812.42,6.12,35.68
1400,sh601155,新城控股,2020-08-31,810.16,6.11,35.58
1401,sh601155,新城控股,2020-08-31,810.16,6.11,35.58
1402,sh601155,新城控股,2020-09-01,795.72,6.0,34.94
1403,sh601155,新城控股,2020-09-01,795.72,6.0,34.94
1404,sh601155,新城控股,2020-09-02,783.99,5.91,34.43
1405,sh601155,新城控股,2020-09-02,783.99,5.91,34.43
1406,sh601155,新城控股,2020-09-03,783.99,5.91,34.43
1407,sh601155,新城控股,2020-09-03,783.99,5.91,34.43
1408,sh601155,新城控股,2020-09-04,778.57,5.87,34.19
1409,sh601155,新城控股,2020-09-07,770.9,5.81,33.85
1410,sh601155,新城控股,2020-09-07,770.9,5.81,33.85
1411,sh601155,新城控股,2020-09-08,762.77,5.75,33.5
1412,sh601155,新城控股,2020-09-09,750.59,5.66,32.96
1413,sh601155,新城控股,2020-09-09,750.59,5.66,32.96
1414,sh601155,新城控股,2020-09-10,760.52,5.73,33.4
1415,sh601155,新城控股,2020-09-10,760.52,5.73,33.4
1416,sh601155,新城控股,2020-09-11,747.2,5.63,32.81
1417,sh601155,新城控股,2020-09-11,747.2,5.63,32.81
1418,sh601155,新城控股,2020-09-14,763.68,5.76,33.54
1419,sh601155,新城控股,2020-09-14,763.68,5.76,33.54
1420,sh601155,新城控股,2020-09-15,771.8,5.82,33.89
1421,sh601155,新城控股,2020-09-16,775.18,5.84,34.04
1422,sh601155,新城控股,2020-09-16,775.18,5.84,34.04
1423,sh601155,新城控股,2020-09-17,768.64,5.79,33.75
1424,sh601155,新城控股,2020-09-18,783.99,5.91,34.43
1425,sh601155,新城控股,2020-09-21,803.17,6.05,35.27
1426,sh601155,新城控股,2020-09-22,836.34,6.3,36.73
1427,sh601155,新城控股,2020-09-22,836.34,6.3,36.73
1428,sh601155,新城控股,2020-09-23,814.68,6.14,35.78
1429,sh601155,新城控股,2020-09-23,814.68,6.14,35.78
1430,sh601155,新城控股,2020-09-24,812.42,6.12,35.68
1431,sh601155,新城控股,2020-09-24,812.42,6.12,35.68
1432,sh601155,新城控股,2020-09-25,786.47,5.93,34.54
1433,sh601155,新城控股,2020-09-25,786.47,5.93,34.54
1434,sh601155,新城控股,2020-09-28,794.59,5.99,34.89
1435,sh601155,新城控股,2020-09-29,798.65,6.02,35.07
1436,sh601155,新城控股,2020-09-29,798.65,6.02,35.07
1437,sh601155,新城控股,2020-09-29,798.65,6.02,35.07
1438,sh601155,新城控股,2020-09-29,798.65,6.02,35.07
1439,sh601155,新城控股,2020-09-30,788.95,5.95,34.65
1440,sh601155,新城控股,2020-09-30,788.95,5.95,34.65
1441,sh601155,新城控股,2020-10-09,780.83,5.89,34.29
1442,sh601155,新城控股,2020-10-09,780.83,5.89,34.29
1443,sh601155,新城控股,2020-10-12,789.85,5.95,34.69
1444,sh601155,新城控股,2020-10-12,789.85,5.95,34.69
1445,sh601155,新城控股,2020-10-13,785.79,5.92,34.51
1446,sh601155,新城控股,2020-10-13,785.79,5.92,34.51
1447,sh601155,新城控股,2020-10-14,771.8,5.82,33.89
1448,sh601155,新城控股,2020-10-14,771.8,5.82,33.89
1449,sh601155,新城控股,2020-10-15,765.03,5.77,33.6
1450,sh601155,新城控股,2020-10-16,773.61,5.83,33.97
1451,sh601155,新城控股,2020-10-19,775.41,5.85,34.05
1452,sh601155,新城控股,2020-10-19,775.41,5.85,34.05
1453,sh601155,新城控股,2020-10-20,766.61,5.78,33.66
1454,sh601155,新城控股,2020-10-20,766.61,5.78,33.66
1455,sh601155,新城控股,2020-10-21,772.25,5.82,33.91
1456,sh601155,新城控股,2020-10-21,772.25,5.82,33.91
1457,sh601155,新城控股,2020-10-22,769.54,5.8,33.79
1458,sh601155,新城控股,2020-10-23,767.06,5.78,33.68
1459,sh601155,新城控股,2020-10-26,753.07,5.68,33.07
1460,sh601155,新城控股,2020-10-26,753.07,5.68,33.07
1461,sh601155,新城控股,2020-10-27,741.79,5.59,32.57
1462,sh601155,新城控股,2020-10-28,743.36,5.6,32.64
1463,sh601155,新城控股,2020-10-29,742.46,5.6,32.6
1464,sh601155,新城控股,2020-10-30,733.66,5.53,32.22
1465,sh601155,新城控股,2020-11-02,745.17,5.62,32.72
1466,sh601155,新城控股,2020-11-03,750.36,5.66,32.95
1467,sh601155,新城控股,2020-11-04,756.0,5.7,33.2
1468,sh601155,新城控股,2020-11-05,787.82,5.94,34.6
1469,sh601155,新城控股,2020-11-06,783.08,5.9,34.39
1470,sh601155,新城控股,2020-11-09,770.67,5.81,33.84
1471,sh601155,新城控股,2020-11-10,788.27,5.94,34.62
1472,sh601155,新城控股,2020-11-11,796.85,6.01,34.99
1473,sh601155,新城控股,2020-11-11,796.85,6.01,34.99
1474,sh601155,新城控股,2020-11-12,788.95,5.95,34.65
1475,sh601155,新城控股,2020-11-13,774.51,5.84,34.01
1476,sh601155,新城控股,2020-11-16,771.8,5.82,33.89
1477,sh601155,新城控股,2020-11-17,786.24,5.93,34.53
1478,sh601155,新城控股,2020-11-17,786.24,5.93,34.53
1479,sh601155,新城控股,2020-11-18,795.95,6.0,34.95
1480,sh601155,新城控股,2020-11-19,794.37,5.99,34.88
1481,sh601155,新城控股,2020-11-20,783.08,5.9,34.39
1482,sh601155,新城控股,2020-11-20,783.08,5.9,34.39
1483,sh601155,新城控股,2020-11-23,785.79,5.92,34.51
1484,sh601155,新城控股,2020-11-24,776.09,5.85,34.08
1485,sh601155,新城控股,2020-11-25,768.98,5.8,33.78
1486,sh601155,新城控股,2020-11-25,768.98,5.8,33.78
1487,sh601155,新城控股,2020-11-26,764.69,5.76,33.6
1488,sh601155,新城控股,2020-11-27,787.25,5.93,34.59
1489,sh601155,新城控股,2020-11-30,798.98,6.02,35.1
1490,sh601155,新城控股,2020-12-01,805.52,6.07,35.39
1491,sh601155,新城控股,2020-12-02,815.45,6.15,35.83
1492,sh601155,新城控股,2020-12-03,818.83,6.17,35.97
1493,sh601155,新城控股,2020-12-04,809.58,6.1,35.57
1494,sh601155,新城控股,2020-12-07,795.82,6.0,34.96
1495,sh601155,新城控股,2020-12-07,795.82,6.0,34.96
1496,sh601155,新城控股,2020-12-08,793.79,5.98,34.87
1497,sh601155,新城控股,2020-12-08,793.79,5.98,34.87
1498,sh601155,新城控股,2020-12-09,778.23,5.87,34.19
1499,sh601155,新城控股,2020-12-10,791.76,5.97,34.78
1500,sh601155,新城控股,2020-12-10,791.76,5.97,34.78
1501,sh601155,新城控股,2020-12-11,778.45,5.87,34.2
1502,sh601155,新城控股,2020-12-14,794.7,5.99,34.91
1503,sh601155,新城控股,2020-12-15,797.18,6.01,35.02
1504,sh601155,新城控股,2020-12-16,793.57,5.98,34.86
1505,sh601155,新城控股,2020-12-16,793.57,5.98,34.86
1506,sh601155,新城控股,2020-12-17,810.26,6.11,35.6
1507,sh601155,新城控股,2020-12-17,810.26,6.11,35.6
1508,sh601155,新城控股,2020-12-18,798.08,6.02,35.06
1509,sh601155,新城控股,2020-12-21,786.58,5.76,34.56
1510,sh601155,新城控股,2020-12-22,781.84,5.72,34.35
1511,sh601155,新城控股,2020-12-23,771.46,5.65,33.89
1512,sh601155,新城控股,2020-12-23,771.46,5.65,33.89
1513,sh601155,新城控股,2020-12-24,762.89,5.59,33.52
1514,sh601155,新城控股,2020-12-25,765.6,5.61,33.63
1515,sh601155,新城控股,2020-12-28,762.66,5.58,33.51
1516,sh601155,新城控股,2020-12-29,773.94,5.67,34.0
1517,sh601155,新城控股,2020-12-30,762.44,5.58,33.5
1518,sh601155,新城控股,2020-12-30,762.44,5.58,33.5
1519,sh601155,新城控股,2020-12-31,785.67,5.75,34.52
1520,sh601155,新城控股,2021-01-04,757.7,5.55,33.29
1521,sh601155,新城控股,2021-01-05,782.74,5.73,34.39
1522,sh601155,新城控股,2021-01-06,770.56,5.64,33.85
1523,sh601155,新城控股,2021-01-07,763.34,5.59,33.54
1524,sh601155,新城控股,2021-01-08,769.66,5.64,33.81
1525,sh601155,新城控股,2021-01-11,791.76,5.8,34.78
1526,sh601155,新城控股,2021-01-11,791.76,5.8,34.78
1527,sh601155,新城控股,2021-01-12,795.82,5.83,34.96
1528,sh601155,新城控股,2021-01-12,795.82,5.83,34.96
1529,sh601155,新城控股,2021-01-12,795.82,5.83,34.96
1530,sh601155,新城控股,2021-01-12,795.82,5.83,34.96
1531,sh601155,新城控股,2021-01-13,797.63,5.84,35.04
1532,sh601155,新城控股,2021-01-14,803.27,5.88,35.29
1533,sh601155,新城控股,2021-01-15,809.13,5.92,35.55
1534,sh601155,新城控股,2021-01-18,826.05,6.05,36.29
1535,sh601155,新城控股,2021-01-19,904.55,6.62,39.74
1536,sh601155,新城控股,2021-01-19,904.55,6.62,39.74
1537,sh601155,新城控股,2021-01-20,906.81,6.64,39.84
1538,sh601155,新城控股,2021-01-21,969.97,7.1,42.61
1539,sh601155,新城控股,2021-01-22,1002.68,7.34,44.05
1540,sh601155,新城控股,2021-01-25,1038.99,7.61,45.65
1541,sh601155,新城控股,2021-01-26,1050.05,7.69,46.13
1542,sh601155,新城控股,2021-01-27,1059.75,7.76,46.56
1543,sh601155,新城控股,2021-01-28,1028.17,7.53,45.17
1544,sh601155,新城控股,2021-01-28,1028.17,7.53,45.17
1545,sh601155,新城控股,2021-01-29,953.05,6.98,41.87
1546,sh601155,新城控股,2021-01-29,953.05,6.98,41.87
1547,sh601155,新城控股,2021-02-01,1006.06,7.37,44.2
1548,sh601155,新城控股,2021-02-01,1006.06,7.37,44.2
1549,sh601155,新城控股,2021-02-02,987.34,7.23,43.38
1550,sh601155,新城控股,2021-02-02,987.34,7.23,43.38
1551,sh601155,新城控股,2021-02-03,989.37,7.24,43.47
1552,sh601155,新城控股,2021-02-03,989.37,7.24,43.47
1553,sh601155,新城控股,2021-02-04,976.96,7.15,42.92
1554,sh601155,新城控股,2021-02-04,976.96,7.15,42.92
1555,sh601155,新城控股,2021-02-05,985.76,7.22,43.31
1556,sh601155,新城控股,2021-02-05,985.76,7.22,43.31
1557,sh601155,新城控股,2021-02-08,999.74,7.32,43.92
1558,sh601155,新城控股,2021-02-09,978.61,7.16,42.9
1559,sh601155,新城控股,2021-02-09,978.61,7.16,42.9
1560,sh601155,新城控股,2021-02-10,994.66,7.28,43.6
1561,sh601155,新城控股,2021-02-10,994.66,7.28,43.6
1562,sh601155,新城控股,2021-02-18,1019.53,7.46,44.69
1563,sh601155,新城控股,2021-02-18,1019.53,7.46,44.69
1564,sh601155,新城控股,2021-02-19,1040.33,7.62,45.61
1565,sh601155,新城控股,2021-02-22,1037.61,7.6,45.49
1566,sh601155,新城控股,2021-02-22,1037.61,7.6,45.49
1567,sh601155,新城控股,2021-02-23,1029.25,7.54,45.12
1568,sh601155,新城控股,2021-02-23,1029.25,7.54,45.12
1569,sh601155,新城控股,2021-02-24,1032.87,7.56,45.28
1570,sh601155,新城控股,2021-02-24,1032.87,7.56,45.28
1571,sh601155,新城控股,2021-02-25,1136.18,8.32,49.81
1572,sh601155,新城控股,2021-02-26,1151.77,8.43,50.49
1573,sh601155,新城控股,2021-02-26,1151.77,8.43,50.49
1574,sh601155,新城控股,2021-03-01,1124.87,8.24,49.31
1575,sh601155,新城控股,2021-03-01,1124.87,8.24,49.31
1576,sh601155,新城控股,2021-03-02,1134.82,8.31,49.75
1577,sh601155,新城控股,2021-03-03,1157.43,8.47,50.74
1578,sh601155,新城控股,2021-03-04,1107.92,8.11,48.57
1579,sh601155,新城控股,2021-03-05,1062.48,7.78,46.58
1580,sh601155,新城控股,2021-03-05,1062.48,7.78,46.58
1581,sh601155,新城控股,2021-03-05,1062.48,7.78,46.58
1582,sh601155,新城控股,2021-03-05,1062.48,7.78,46.58
1583,sh601155,新城控股,2021-03-08,1005.97,7.37,44.1
1584,sh601155,新城控股,2021-03-08,1005.97,7.37,44.1
1585,sh601155,新城控股,2021-03-09,1004.84,7.36,44.05
1586,sh601155,新城控股,2021-03-09,1004.84,7.36,44.05
1587,sh601155,新城控股,2021-03-10,1008.23,7.38,44.2
1588,sh601155,新城控股,2021-03-10,1008.23,7.38,44.2
1589,sh601155,新城控股,2021-03-11,1011.62,7.41,44.35
1590,sh601155,新城控股,2021-03-11,1011.62,7.41,44.35
1591,sh601155,新城控股,2021-03-12,1039.65,7.61,45.58
1592,sh601155,新城控股,2021-03-12,1039.65,7.61,45.58
1593,sh601155,新城控股,2021-03-15,1039.42,7.61,45.57
1594,sh601155,新城控股,2021-03-16,1056.38,7.73,46.31
1595,sh601155,新城控股,2021-03-17,1055.7,7.73,46.28
1596,sh601155,新城控股,2021-03-18,1065.42,7.8,46.71
1597,sh601155,新城控股,2021-03-19,1026.09,7.51,44.98
1598,sh601155,新城控股,2021-03-22,1078.53,7.9,47.28
1599,sh601155,新城控股,2021-03-23,1075.82,7.88,47.16
1600,sh601155,新城控股,2021-03-24,1029.48,7.54,45.13
1601,sh601155,新城控股,2021-03-25,1029.25,7.54,45.12
1602,sh601155,新城控股,2021-03-26,1028.12,7.53,45.07
1603,sh601155,新城控股,2021-03-26,1028.12,7.53,45.07
1604,sh601155,新城控股,2021-03-29,1040.78,6.82,45.63
1605,sh601155,新城控股,2021-03-30,1107.24,7.26,48.54
1606,sh601155,新城控股,2021-03-31,1103.17,7.23,48.36
1607,sh601155,新城控股,2021-04-01,1074.69,7.04,47.11
1608,sh601155,新城控股,2021-04-02,1128.04,7.39,49.45
1609,sh601155,新城控股,2021-04-02,1128.04,7.39,49.45
1610,sh601155,新城控股,2021-04-06,1101.14,7.22,48.27
1611,sh601155,新城控股,2021-04-07,1105.43,7.25,48.46
1612,sh601155,新城控股,2021-04-08,1077.17,7.06,47.22
1613,sh601155,新城控股,2021-04-09,1079.44,7.08,47.32
1614,sh601155,新城控股,2021-04-12,1078.08,7.07,47.26
1615,sh601155,新城控股,2021-04-13,1089.61,7.14,47.77
1616,sh601155,新城控股,2021-04-14,1094.13,7.17,47.97
1617,sh601155,新城控股,2021-04-15,1080.34,7.08,47.36
1618,sh601155,新城控股,2021-04-16,1073.56,7.04,47.06
1619,sh601155,新城控股,2021-04-19,1073.33,7.04,47.05
1620,sh601155,新城控股,2021-04-20,1070.62,7.02,46.93
1621,sh601155,新城控股,2021-04-20,1070.62,7.02,46.93
1622,sh601155,新城控股,2021-04-21,1064.52,6.98,46.67
1623,sh601155,新城控股,2021-04-22,1075.37,7.05,47.14
1624,sh601155,新城控股,2021-04-23,1054.57,6.91,46.23
1625,sh601155,新城控股,2021-04-26,1014.33,6.65,44.47
1626,sh601155,新城控股,2021-04-27,1026.31,6.73,44.99
1627,sh601155,新城控股,2021-04-28,1025.63,6.72,44.96
1628,sh601155,新城控股,2021-04-29,1051.4,6.89,46.09
1629,sh601155,新城控股,2021-04-30,1018.17,6.56,44.64
1630,sh601155,新城控股,2021-05-06,1002.58,6.46,43.95
1631,sh601155,新城控股,2021-05-07,996.92,6.42,43.7
1632,sh601155,新城控股,2021-05-10,962.56,6.2,42.2
1633,sh601155,新城控股,2021-05-11,962.56,6.2,42.2
1634,sh601155,新城控股,2021-05-12,938.15,6.04,41.13
1635,sh601155,新城控股,2021-05-13,965.73,6.22,42.34
1636,sh601155,新城控股,2021-05-14,994.21,6.4,43.58
1637,sh601155,新城控股,2021-05-17,1017.72,6.56,44.62
1638,sh601155,新城控股,2021-05-18,1043.27,6.72,45.74
1639,sh601155,新城控股,2021-05-19,1062.25,6.84,46.57
1640,sh601155,新城控股,2021-05-19,1062.25,6.84,46.57
1641,sh601155,新城控股,2021-05-20,1066.55,6.87,46.76
1642,sh601155,新城控股,2021-05-21,1072.88,6.91,47.03
1643,sh601155,新城控股,2021-05-24,1077.63,6.94,47.24
1644,sh601155,新城控股,2021-05-25,1083.73,6.98,47.51
1645,sh601155,新城控股,2021-05-26,1097.75,7.07,48.12
1646,sh601155,新城控股,2021-05-26,1097.75,7.07,48.12
1647,sh601155,新城控股,2021-05-27,1104.98,7.12,48.44
1648,sh601155,新城控股,2021-05-27,1104.98,7.12,48.44
1649,sh601155,新城控股,2021-05-28,1103.17,7.11,48.36
1650,sh601155,新城控股,2021-05-28,1103.17,7.11,48.36
1651,sh601155,新城控股,2021-05-31,1097.07,7.07,48.09
1652,sh601155,新城控股,2021-05-31,1097.07,7.07,48.09
1653,sh601155,新城控股,2021-06-01,1106.34,7.13,48.5
1654,sh601155,新城控股,2021-06-02,1099.78,7.08,48.21
1655,sh601155,新城控股,2021-06-03,1084.86,6.99,47.56
1656,sh601155,新城控股,2021-06-04,1057.06,6.81,46.34
1657,sh601155,新城控股,2021-06-07,1047.11,6.74,45.9
1658,sh601155,新城控股,2021-06-08,1044.85,6.73,45.8
1659,sh601155,新城控股,2021-06-08,1044.85,6.73,45.8
1660,sh601155,新城控股,2021-06-09,1034.22,6.66,45.34
1661,sh601155,新城控股,2021-06-10,1023.6,6.59,44.87
1662,sh601155,新城控股,2021-06-11,1017.27,6.55,44.6
1663,sh601155,新城控股,2021-06-15,989.01,6.37,43.36
1664,sh601155,新城控股,2021-06-16,994.89,6.41,43.61
1665,sh601155,新城控股,2021-06-17,984.04,6.34,43.14
1666,sh601155,新城控股,2021-06-17,984.04,6.34,43.14
1667,sh601155,新城控股,2021-06-18,982.91,6.33,43.09
1668,sh601155,新城控股,2021-06-21,964.6,6.21,42.29
1669,sh601155,新城控股,2021-06-21,964.6,6.21,42.29
1670,sh601155,新城控股,2021-06-22,989.24,6.37,43.37
1671,sh601155,新城控股,2021-06-23,968.44,6.24,42.45
1672,sh601155,新城控股,2021-06-24,975.67,6.28,42.77
1673,sh601155,新城控股,2021-06-25,970.25,6.25,42.53
1674,sh601155,新城控股,2021-06-28,947.42,6.1,41.53
1675,sh601155,新城控股,2021-06-29,934.98,6.02,40.99
1676,sh601155,新城控股,2021-06-30,940.41,6.06,41.23
1677,sh601155,新城控股,2021-07-01,995.79,6.41,43.65
1678,sh601155,新城控股,2021-07-02,952.16,6.13,41.74
1679,sh601155,新城控股,2021-07-05,921.87,5.94,40.41
1680,sh601155,新城控股,2021-07-06,935.66,6.03,41.02
1681,sh601155,新城控股,2021-07-07,940.41,6.06,41.23
1682,sh601155,新城控股,2021-07-08,922.32,5.94,40.43
1683,sh601155,新城控股,2021-07-08,922.32,5.94,40.43
1684,sh601155,新城控股,2021-07-09,919.61,5.92,40.31
1685,sh601155,新城控股,2021-07-12,907.86,5.85,39.8
1686,sh601155,新城控股,2021-07-12,907.86,5.85,39.8
1687,sh601155,新城控股,2021-07-13,885.02,5.7,40.83
1688,sh601155,新城控股,2021-07-14,854.51,5.5,39.42
1689,sh601155,新城控股,2021-07-14,854.51,5.5,39.42
1690,sh601155,新城控股,2021-07-15,869.88,5.6,40.13
1691,sh601155,新城控股,2021-07-15,869.88,5.6,40.13
1692,sh601155,新城控股,2021-07-16,858.12,5.53,39.59
1693,sh601155,新城控股,2021-07-19,849.53,5.47,39.19
1694,sh601155,新城控股,2021-07-20,834.61,5.38,38.5
1695,sh601155,新城控股,2021-07-21,827.15,5.33,38.16
1696,sh601155,新城控股,2021-07-22,843.88,5.44,38.93
1697,sh601155,新城控股,2021-07-23,815.4,5.25,37.62
1698,sh601155,新城控股,2021-07-26,756.17,4.87,34.89
1699,sh601155,新城控股,2021-07-27,722.71,4.66,33.34
1700,sh601155,新城控股,2021-07-28,713.9,4.6,32.93
1701,sh601155,新城控股,2021-07-29,720.23,4.64,33.23
1702,sh601155,新城控股,2021-07-30,715.93,4.61,33.03
1703,sh601155,新城控股,2021-08-02,738.09,4.75,34.05
1704,sh601155,新城控股,2021-08-03,731.3,4.71,33.74
1705,sh601155,新城控股,2021-08-04,726.33,4.68,33.51
1706,sh601155,新城控股,2021-08-05,736.95,4.75,34.0
1707,sh601155,新城控股,2021-08-05,736.95,4.75,34.0
1708,sh601155,新城控股,2021-08-06,734.69,4.73,33.89
1709,sh601155,新城控股,2021-08-09,784.43,5.05,36.19
1710,sh601155,新城控股,2021-08-10,788.95,5.08,36.4
1711,sh601155,新城控股,2021-08-11,825.12,5.32,38.07
1712,sh601155,新城控股,2021-08-12,835.97,5.38,38.57
1713,sh601155,新城控股,2021-08-13,826.25,5.32,38.12
1714,sh601155,新城控股,2021-08-16,831.22,5.35,38.35
1715,sh601155,新城控股,2021-08-17,826.25,5.32,38.12
1716,sh601155,新城控股,2021-08-18,843.43,5.43,38.91
1717,sh601155,新城控股,2021-08-19,808.62,5.21,37.3
1718,sh601155,新城控股,2021-08-20,804.09,5.18,37.1
1719,sh601155,新城控股,2021-08-23,780.36,5.03,36.0
1720,sh601155,新城控股,2021-08-23,780.36,5.03,36.0
1721,sh601155,新城控股,2021-08-24,776.74,5.0,35.83
1722,sh601155,新城控股,2021-08-25,778.78,5.02,35.93
1723,sh601155,新城控股,2021-08-26,759.56,4.89,35.04
1724,sh601155,新城控股,2021-08-27,756.4,4.87,34.9
1725,sh601155,新城控股,2021-08-27,756.4,4.87,34.9
1726,sh601155,新城控股,2021-08-30,759.79,4.64,35.05
1727,sh601155,新城控股,2021-08-31,759.79,4.64,35.05
1728,sh601155,新城控股,2021-09-01,804.09,4.92,37.1
1729,sh601155,新城控股,2021-09-02,836.87,5.12,38.61
1730,sh601155,新城控股,2021-09-03,821.95,5.02,37.92
1731,sh601155,新城控股,2021-09-03,821.95,5.02,37.92
1732,sh601155,新城控股,2021-09-06,833.71,5.1,38.46
1733,sh601155,新城控股,2021-09-07,829.19,5.07,38.25
1734,sh601155,新城控股,2021-09-08,823.76,5.04,38.0
1735,sh601155,新城控股,2021-09-09,821.95,5.02,37.92
1736,sh601155,新城控股,2021-09-10,830.54,5.08,38.32
1737,sh601155,新城控股,2021-09-13,853.38,5.22,39.37
1738,sh601155,新城控股,2021-09-14,813.14,4.97,37.51
1739,sh601155,新城控股,2021-09-15,767.02,4.69,35.39
1740,sh601155,新城控股,2021-09-16,731.3,4.47,33.74
1741,sh601155,新城控股,2021-09-17,738.09,4.51,34.05
1742,sh601155,新城控股,2021-09-22,791.21,4.84,36.5
1743,sh601155,新城控股,2021-09-23,803.19,4.91,37.05
1744,sh601155,新城控股,2021-09-24,826.7,5.05,38.14
1745,sh601155,新城控股,2021-09-27,784.43,4.8,36.19
1746,sh601155,新城控股,2021-09-28,822.63,5.03,37.95
1747,sh601155,新城控股,2021-09-29,831.45,5.08,38.36
1748,sh601155,新城控股,2021-09-30,842.75,5.15,38.88
1749,sh601155,新城控股,2021-10-08,808.16,4.94,37.28
1750,sh601155,新城控股,2021-10-11,825.12,5.04,38.07
1751,sh601155,新城控股,2021-10-12,854.96,5.23,39.44
1752,sh601155,新城控股,2021-10-13,843.66,5.16,38.92
1753,sh601155,新城控股,2021-10-13,843.66,5.16,38.92
1754,sh601155,新城控股,2021-10-14,813.82,4.98,37.54
1755,sh601155,新城控股,2021-10-15,806.81,4.93,37.22
1756,sh601155,新城控股,2021-10-15,806.81,4.93,37.22
1757,sh601155,新城控股,2021-10-18,788.04,4.82,36.36
1758,sh601155,新城控股,2021-10-19,790.31,4.83,36.46
1759,sh601155,新城控股,2021-10-20,779.91,4.77,35.98
1760,sh601155,新城控股,2021-10-21,828.51,5.06,38.22
1761,sh601155,新城控股,2021-10-22,880.5,5.38,40.62
1762,sh601155,新城控股,2021-10-22,880.5,5.38,40.62
1763,sh601155,新城控股,2021-10-25,859.48,5.25,39.65
1764,sh601155,新城控股,2021-10-25,859.48,5.25,39.65
1765,sh601155,新城控股,2021-10-26,869.43,5.32,40.11
1766,sh601155,新城控股,2021-10-27,854.51,5.22,39.42
1767,sh601155,新城控股,2021-10-28,812.68,4.97,37.49
1768,sh601155,新城控股,2021-10-29,774.03,4.73,35.71
1769,sh601155,新城控股,2021-11-01,742.83,4.53,34.27
1770,sh601155,新城控股,2021-11-02,715.03,4.36,32.99
1771,sh601155,新城控股,2021-11-03,723.84,4.41,33.39
1772,sh601155,新城控股,2021-11-04,708.7,4.32,32.69
1773,sh601155,新城控股,2021-11-05,669.14,4.08,30.87
1774,sh601155,新城控股,2021-11-08,699.66,4.27,32.28
1775,sh601155,新城控股,2021-11-09,695.59,4.24,32.09
1776,sh601155,新城控股,2021-11-10,728.59,4.44,33.61
1777,sh601155,新城控股,2021-11-11,801.38,4.89,36.97
1778,sh601155,新城控股,2021-11-12,782.39,4.77,36.09
1779,sh601155,新城控股,2021-11-15,777.65,4.74,35.88
1780,sh601155,新城控股,2021-11-16,764.76,4.66,35.28
1781,sh601155,新城控股,2021-11-17,755.94,4.61,34.87
1782,sh601155,新城控股,2021-11-18,738.09,4.5,34.05
1783,sh601155,新城控股,2021-11-19,764.08,4.66,35.25
1784,sh601155,新城控股,2021-11-22,748.48,4.56,34.53
1785,sh601155,新城控股,2021-11-23,750.74,4.58,34.63
1786,sh601155,新城控股,2021-11-24,753.91,4.6,34.78
1787,sh601155,新城控股,2021-11-25,749.16,4.57,34.56
1788,sh601155,新城控股,2021-11-26,736.95,4.49,34.0
1789,sh601155,新城控股,2021-11-29,723.39,4.41,33.37
1790,sh601155,新城控股,2021-11-29,723.39,4.41,33.37
1791,sh601155,新城控股,2021-11-30,703.05,4.29,32.43
1792,sh601155,新城控股,2021-12-01,709.15,4.32,32.72
1793,sh601155,新城控股,2021-12-02,718.42,4.38,33.14
1794,sh601155,新城控股,2021-12-03,734.02,4.47,33.86
1795,sh601155,新城控股,2021-12-06,712.31,4.34,32.86
1796,sh601155,新城控股,2021-12-07,758.2,4.62,34.98
1797,sh601155,新城控股,2021-12-08,721.13,4.4,33.27
1798,sh601155,新城控股,2021-12-09,743.28,4.53,34.29
1799,sh601155,新城控股,2021-12-09,743.28,4.53,34.29
1800,sh601155,新城控股,2021-12-10,698.52,4.26,32.23
1801,sh601155,新城控股,2021-12-13,694.0,4.23,32.02
1802,sh601155,新城控股,2021-12-14,660.32,4.03,30.46
1803,sh601155,新城控股,2021-12-15,655.68,4.0,30.25
1804,sh601155,新城控股,2021-12-16,668.33,4.07,30.84
1805,sh601155,新城控股,2021-12-17,664.49,4.05,30.66
1806,sh601155,新城控股,2021-12-20,652.51,3.98,30.11
1807,sh601155,新城控股,2021-12-21,686.19,4.18,31.66
1808,sh601155,新城控股,2021-12-22,671.72,4.09,31.0
1809,sh601155,新城控股,2021-12-23,676.92,4.13,31.24
1810,sh601155,新城控股,2021-12-24,657.68,4.01,30.35
1811,sh601155,新城控股,2021-12-27,673.95,4.11,31.1
1812,sh601155,新城控股,2021-12-28,665.14,4.05,30.69
1813,sh601155,新城控股,2021-12-29,659.94,4.02,30.45
1814,sh601155,新城控股,2021-12-30,642.08,3.91,29.63
1815,sh601155,新城控股,2021-12-31,658.36,4.01,30.38
1816,sh601155,新城控股,2022-01-04,663.55,4.05,30.62
1817,sh601155,新城控股,2022-01-05,686.38,4.18,31.67
1818,sh601155,新城控股,2022-01-06,664.91,4.05,30.68
1819,sh601155,新城控股,2022-01-07,713.05,4.35,32.9
1820,sh601155,新城控股,2022-01-10,745.82,4.55,34.42
1821,sh601155,新城控股,2022-01-11,751.47,4.58,34.68
1822,sh601155,新城控股,2022-01-12,739.94,4.51,34.14
1823,sh601155,新城控股,2022-01-13,722.77,4.41,33.35
1824,sh601155,新城控股,2022-01-14,697.0,4.25,32.16
1825,sh601155,新城控股,2022-01-17,711.24,4.34,32.82
1826,sh601155,新城控股,2022-01-18,732.49,4.47,33.8
1827,sh601155,新城控股,2022-01-19,754.86,4.6,34.83
1828,sh601155,新城控股,2022-01-20,805.03,4.91,37.15
1829,sh601155,新城控股,2022-01-21,790.12,4.82,36.46
1830,sh601155,新城控股,2022-01-24,802.1,4.89,37.01
1831,sh601155,新城控股,2022-01-25,780.4,4.76,36.01
1832,sh601155,新城控股,2022-01-26,778.82,4.75,35.94
1833,sh601155,新城控股,2022-01-27,779.5,4.75,35.97
1834,sh601155,新城控股,2022-01-28,752.64,4.59,34.68
1835,sh601155,新城控股,2022-02-07,778.22,4.74,35.86
1836,sh601155,新城控股,2022-02-08,780.71,4.76,35.97
1837,sh601155,新城控股,2022-02-09,771.88,4.71,35.56
1838,sh601155,新城控股,2022-02-10,780.48,4.76,35.96
1839,sh601155,新城控股,2022-02-11,822.13,5.01,37.88
1840,sh601155,新城控股,2022-02-14,766.9,4.68,35.33
1841,sh601155,新城控股,2022-02-15,732.95,4.47,33.77
1842,sh601155,新城控股,2022-02-16,744.49,4.54,34.3
1843,sh601155,新城控股,2022-02-17,722.31,4.4,33.28
1844,sh601155,新城控股,2022-02-18,771.2,4.7,35.53
1845,sh601155,新城控股,2022-02-21,792.93,4.83,36.53
1846,sh601155,新城控股,2022-02-22,770.07,4.69,35.48
1847,sh601155,新城控股,2022-02-23,734.99,4.48,33.86
1848,sh601155,新城控股,2022-02-24,718.69,4.38,33.11
1849,sh601155,新城控股,2022-02-25,704.43,4.29,32.46
1850,sh601155,新城控股,2022-02-28,683.38,4.17,31.49
1851,sh601155,新城控股,2022-03-01,688.13,4.19,31.7
1852,sh601155,新城控股,2022-03-02,700.81,4.27,32.29
1853,sh601155,新城控股,2022-03-03,710.99,4.33,32.76
1854,sh601155,新城控股,2022-03-04,702.84,4.28,32.38
1855,sh601155,新城控股,2022-03-07,698.54,4.26,32.18
1856,sh601155,新城控股,2022-03-08,644.67,3.93,29.7
1857,sh601155,新城控股,2022-03-09,585.14,3.57,26.96
1858,sh601155,新城控股,2022-03-10,586.95,3.58,27.04
1859,sh601155,新城控股,2022-03-11,577.21,3.52,26.59
1860,sh601155,新城控股,2022-03-14,547.34,3.34,25.22
1861,sh601155,新城控股,2022-03-15,492.56,3.0,22.69
1862,sh601155,新城控股,2022-03-16,491.88,3.0,22.66
1863,sh601155,新城控股,2022-03-17,541.0,3.3,24.93
1864,sh601155,新城控股,2022-03-18,595.1,3.63,27.42
1865,sh601155,新城控股,2022-03-21,588.53,3.59,27.12
1866,sh601155,新城控股,2022-03-22,612.75,3.74,28.23
1867,sh601155,新城控股,2022-03-23,649.88,3.96,29.94
1868,sh601155,新城控股,2022-03-24,616.6,3.76,28.41
1869,sh601155,新城控股,2022-03-25,615.7,3.75,28.37
1870,sh601155,新城控股,2022-03-28,636.97,3.88,29.35
1871,sh601155,新城控股,2022-03-29,633.13,3.86,29.17
1872,sh601155,新城控股,2022-03-29,633.13,3.86,29.17
1873,sh601155,新城控股,2022-03-30,695.15,4.24,32.03
1874,sh601155,新城控股,2022-03-31,728.2,4.44,33.55
1875,sh601155,新城控股,2022-04-01,756.26,6.0,34.84
1876,sh601155,新城控股,2022-04-01,756.26,6.0,34.84
1877,sh601155,新城控股,2022-04-06,783.2,6.22,36.08
1878,sh601155,新城控股,2022-04-07,731.14,5.8,33.69
1879,sh601155,新城控股,2022-04-08,724.12,5.75,33.36
1880,sh601155,新城控股,2022-04-11,683.15,5.42,31.47
1881,sh601155,新城控股,2022-04-12,653.04,5.18,30.09
1882,sh601155,新城控股,2022-04-13,643.99,5.11,29.67
1883,sh601155,新城控股,2022-04-14,679.3,5.39,31.3
1884,sh601155,新城控股,2022-04-15,692.88,5.5,31.92
1885,sh601155,新城控股,2022-04-18,677.04,5.37,31.19
1886,sh601155,新城控股,2022-04-19,656.67,5.21,30.25
1887,sh601155,新城控股,2022-04-20,607.77,4.82,28.0
1888,sh601155,新城控股,2022-04-21,595.55,4.73,27.44
1889,sh601155,新城控股,2022-04-22,614.56,4.88,28.31
1890,sh601155,新城控股,2022-04-25,575.63,4.57,26.52
1891,sh601155,新城控股,2022-04-26,562.5,4.46,25.92
1892,sh601155,新城控股,2022-04-27,550.96,4.37,25.38
1893,sh601155,新城控股,2022-04-28,585.14,4.64,26.96
1894,sh601155,新城控股,2022-04-29,627.47,4.98,28.91
1895,sh601155,新城控股,2022-05-05,603.92,4.81,27.82
1896,sh601155,新城控股,2022-05-06,561.82,4.47,25.88
1897,sh601155,新城控股,2022-05-09,549.15,4.37,25.3
1898,sh601155,新城控股,2022-05-10,552.09,4.39,25.44
1899,sh601155,新城控股,2022-05-11,538.51,4.29,24.81
1900,sh601155,新城控股,2022-05-12,522.89,4.16,24.09
1901,sh601155,新城控股,2022-05-13,559.56,4.45,25.78
1902,sh601155,新城控股,2022-05-16,566.12,4.51,26.08
1903,sh601155,新城控股,2022-05-17,562.5,4.48,25.92
1904,sh601155,新城控股,2022-05-18,549.37,4.37,25.31
1905,sh601155,新城控股,2022-05-19,589.89,4.69,27.18
1906,sh601155,新城控股,2022-05-20,576.08,4.58,26.54
1907,sh601155,新城控股,2022-05-23,558.65,4.45,25.74
1908,sh601155,新城控股,2022-05-24,557.97,4.44,25.71
1909,sh601155,新城控股,2022-05-25,547.79,4.36,25.24
1910,sh601155,新城控股,2022-05-26,571.1,4.54,26.31
1911,sh601155,新城控股,2022-05-27,552.09,4.39,25.44
1912,sh601155,新城控股,2022-05-30,541.9,4.31,24.97
1913,sh601155,新城控股,2022-05-31,549.15,4.37,25.3
1914,sh601155,新城控股,2022-06-01,557.52,4.44,25.69
1915,sh601155,新城控股,2022-06-02,555.48,4.42,25.59
1916,sh601155,新城控股,2022-06-06,551.86,4.39,25.43
1917,sh601155,新城控股,2022-06-07,561.37,4.47,25.86
1918,sh601155,新城控股,2022-06-08,552.99,4.4,25.48
1919,sh601155,新城控股,2022-06-09,557.52,4.44,25.69
1920,sh601155,新城控股,2022-06-10,549.83,4.38,25.33
1921,sh601155,新城控股,2022-06-13,532.17,4.24,24.52
1922,sh601155,新城控股,2022-06-14,546.2,4.35,25.17
1923,sh601155,新城控股,2022-06-15,557.07,4.43,25.67
1924,sh601155,新城控股,2022-06-16,546.43,4.35,25.18
1925,sh601155,新城控股,2022-06-17,543.71,4.33,25.05
1926,sh601155,新城控股,2022-06-20,582.19,4.63,26.82
1927,sh601155,新城控股,2022-06-21,574.72,4.57,26.48
1928,sh601155,新城控股,2022-06-22,558.43,4.44,25.73
1929,sh601155,新城控股,2022-06-23,568.16,4.52,26.18
1930,sh601155,新城控股,2022-06-24,561.14,4.47,25.85
1931,sh601155,新城控股,2022-06-27,565.22,4.5,26.04
1932,sh601155,新城控股,2022-06-28,548.24,4.36,25.26
1933,sh601155,新城控股,2022-06-29,572.91,4.56,26.4
1934,sh601155,新城控股,2022-06-30,575.63,4.58,26.52
1935,sh601155,新城控股,2022-07-01,562.73,4.48,25.93
1936,sh601155,新城控股,2022-07-04,554.58,4.41,25.55
1937,sh601155,新城控股,2022-07-05,545.98,4.34,25.15
1938,sh601155,新城控股,2022-07-06,528.77,4.21,24.36
1939,sh601155,新城控股,2022-07-07,522.89,4.16,24.09
1940,sh601155,新城控股,2022-07-08,520.85,4.14,24.0
1941,sh601155,新城控股,2022-07-11,505.01,4.02,23.27
1942,sh601155,新城控股,2022-07-12,501.38,3.99,23.1
1943,sh601155,新城控股,2022-07-13,495.05,3.94,22.81
1944,sh601155,新城控股,2022-07-14,483.05,3.84,22.26
1945,sh601155,新城控股,2022-07-15,459.51,3.66,21.17
1946,sh601155,新城控股,2022-07-18,477.84,3.8,22.02
1947,sh601155,新城控股,2022-07-19,471.96,3.76,21.74
1948,sh601155,新城控股,2022-07-20,469.69,3.74,21.64
1949,sh601155,新城控股,2022-07-21,465.85,3.71,21.46
1950,sh601155,新城控股,2022-07-22,462.68,3.68,21.32
1951,sh601155,新城控股,2022-07-25,469.02,3.73,21.61
1952,sh601155,新城控股,2022-07-26,485.09,3.86,22.35
1953,sh601155,新城控股,2022-07-27,478.97,3.81,22.07
1954,sh601155,新城控股,2022-07-28,488.48,3.89,22.51
1955,sh601155,新城控股,2022-07-29,473.77,3.77,21.83
1956,sh601155,新城控股,2022-08-01,462.73,3.68,21.35
1957,sh601155,新城控股,2022-08-02,435.61,3.47,20.1
1958,sh601155,新城控股,2022-08-03,420.23,3.34,19.39
1959,sh601155,新城控股,2022-08-04,432.89,3.44,19.97
1960,sh601155,新城控股,2022-08-05,439.0,3.49,20.25
1961,sh601155,新城控股,2022-08-08,442.39,3.52,20.41
1962,sh601155,新城控股,2022-08-09,438.54,3.49,20.23
1963,sh601155,新城控股,2022-08-10,430.41,3.43,19.86
1964,sh601155,新城控股,2022-08-11,441.71,3.52,20.38
1965,sh601155,新城控股,2022-08-12,445.1,3.54,20.53
1966,sh601155,新城控股,2022-08-15,436.74,3.48,20.15
1967,sh601155,新城控股,2022-08-16,460.25,3.66,21.23
1968,sh601155,新城控股,2022-08-17,465.67,3.71,21.48
1969,sh601155,新城控股,2022-08-18,467.03,3.72,21.55
1970,sh601155,新城控股,2022-08-19,486.24,3.87,22.43
1971,sh601155,新城控股,2022-08-22,480.36,3.82,22.16
1972,sh601155,新城控股,2022-08-23,479.91,3.82,22.14
1973,sh601155,新城控股,2022-08-24,469.74,3.74,21.67
1974,sh601155,新城控股,2022-08-25,468.61,3.73,21.62
1975,sh601155,新城控股,2022-08-26,455.27,3.62,21.0
1976,sh601155,新城控股,2022-08-29,454.14,3.61,20.95
1977,sh601155,新城控股,2022-08-30,461.6,3.67,21.3
1978,sh601155,新城控股,2022-08-31,470.64,3.75,21.71
1979,sh601155,新城控股,2022-09-01,469.29,3.73,21.65
1980,sh601155,新城控股,2022-09-02,459.11,3.65,21.18
1981,sh601155,新城控股,2022-09-05,463.86,3.69,21.4
1982,sh601155,新城控股,2022-09-06,480.82,3.83,22.18
1983,sh601155,新城控股,2022-09-07,469.29,3.73,21.65
1984,sh601155,新城控股,2022-09-08,467.7,3.72,21.58
1985,sh601155,新城控股,2022-09-09,506.13,4.03,23.35
1986,sh601155,新城控股,2022-09-13,477.65,3.8,22.04
1987,sh601155,新城控股,2022-09-13,477.65,3.8,22.04
1988,sh601155,新城控股,2022-09-14,473.81,3.77,21.86
1989,sh601155,新城控股,2022-09-14,473.81,3.77,21.86
1990,sh601155,新城控股,2022-09-15,510.43,4.06,23.55
1991,sh601155,新城控股,2022-09-16,479.23,3.81,22.11
1992,sh601155,新城控股,2022-09-19,455.05,3.62,20.99
1993,sh601155,新城控股,2022-09-20,446.23,3.55,20.59
1994,sh601155,新城控股,2022-09-21,444.87,3.54,20.52
1995,sh601155,新城控股,2022-09-22,429.05,3.41,19.79
1996,sh601155,新城控股,2022-09-23,423.17,3.37,19.52
1997,sh601155,新城控股,2022-09-26,409.61,3.26,18.9
1998,sh601155,新城控股,2022-09-27,417.97,3.33,19.28
1999,sh601155,新城控股,2022-09-28,401.25,3.19,18.51
2000,sh601155,新城控股,2022-09-29,386.55,3.08,17.83
2001,sh601155,新城控股,2022-09-30,395.14,3.14,18.23
2002,sh601155,新城控股,2022-10-10,390.39,3.11,18.01
2003,sh601155,新城控股,2022-10-11,371.18,2.95,17.12
2004,sh601155,新城控股,2022-10-12,379.77,3.02,17.52
2005,sh601155,新城控股,2022-10-13,375.02,2.98,17.3
2006,sh601155,新城控股,2022-10-14,379.54,3.02,17.51
2007,sh601155,新城控股,2022-10-17,376.61,3.0,17.37
2008,sh601155,新城控股,2022-10-18,369.15,2.94,17.03
2009,sh601155,新城控股,2022-10-19,354.0,2.82,16.33
2010,sh601155,新城控股,2022-10-20,352.64,2.81,16.27
2011,sh601155,新城控股,2022-10-21,348.12,2.77,16.06
2012,sh601155,新城控股,2022-10-24,328.46,2.61,15.15
2013,sh601155,新城控股,2022-10-25,328.46,2.61,14.81
2014,sh601155,新城控股,2022-10-26,324.39,2.58,14.97
2015,sh601155,新城控股,2022-10-27,327.55,2.61,15.11
2016,sh601155,新城控股,2022-10-28,311.95,2.48,14.39
2017,sh601155,新城控股,2022-10-31,298.16,2.37,13.76
2018,sh601155,新城控股,2022-11-01,314.21,2.5,14.5
2019,sh601155,新城控股,2022-11-02,320.32,2.55,14.78
2020,sh601155,新城控股,2022-11-03,316.47,2.52,14.6
2021,sh601155,新城控股,2022-11-04,328.23,2.61,15.14
2022,sh601155,新城控股,2022-11-07,333.2,2.65,15.37
2023,sh601155,新城控股,2022-11-08,333.43,2.65,15.38
2024,sh601155,新城控股,2022-11-09,366.88,2.92,16.93
2025,sh601155,新城控股,2022-11-10,386.1,3.07,17.81
2026,sh601155,新城控股,2022-11-11,424.75,3.38,19.6
2027,sh601155,新城控股,2022-11-14,467.25,3.72,21.56
2028,sh601155,新城控股,2022-11-15,509.75,4.06,23.52
2029,sh601155,新城控股,2022-11-16,474.49,3.78,21.89
2030,sh601155,新城控股,2022-11-17,465.67,3.71,21.48
2031,sh601155,新城控股,2022-11-18,458.44,3.65,21.15
2032,sh601155,新城控股,2022-11-21,452.11,3.6,20.86
2033,sh601155,新城控股,2022-11-22,429.28,3.42,19.8
2034,sh601155,新城控股,2022-11-23,427.69,3.4,19.73
2035,sh601155,新城控股,2022-11-24,455.64,3.63,21.07
2036,sh601155,新城控股,2022-11-25,491.95,3.91,22.75
2037,sh601155,新城控股,2022-11-28,481.35,3.83,22.26
2038,sh601155,新城控股,2022-11-29,529.39,4.21,24.48
2039,sh601155,新城控股,2022-11-30,513.83,4.09,23.76
2040,sh601155,新城控股,2022-12-01,497.36,3.96,23.0
2041,sh601155,新城控股,2022-12-02,481.35,3.83,22.26
2042,sh601155,新城控股,2022-12-05,482.03,3.84,22.29
2043,sh601155,新城控股,2022-12-06,486.99,3.88,22.52
2044,sh601155,新城控股,2022-12-07,473.0,3.76,21.87
2045,sh601155,新城控股,2022-12-08,503.46,4.01,23.28
2046,sh601155,新城控股,2022-12-09,537.29,4.28,24.84
2047,sh601155,新城控股,2022-12-12,505.03,4.02,23.35
2048,sh601155,新城控股,2022-12-13,500.3,3.98,23.13
2049,sh601155,新城控股,2022-12-14,498.04,3.96,23.03
2050,sh601155,新城控股,2022-12-15,495.11,3.94,22.89
2051,sh601155,新城控股,2022-12-16,502.33,4.0,23.23
2052,sh601155,新城控股,2022-12-19,507.52,4.04,23.47
2053,sh601155,新城控股,2022-12-20,474.81,3.78,21.95
2054,sh601155,新城控股,2022-12-21,480.0,3.82,22.19
2055,sh601155,新城控股,2022-12-22,472.55,3.76,21.85
2056,sh601155,新城控股,2022-12-23,472.1,3.76,21.83
2057,sh601155,新城控股,2022-12-26,463.53,3.69,21.43
2058,sh601155,新城控股,2022-12-26,463.53,3.69,21.43
2059,sh601155,新城控股,2022-12-27,467.14,3.72,21.6
2060,sh601155,新城控股,2022-12-28,470.75,3.75,21.77
2061,sh601155,新城控股,2022-12-29,461.73,3.67,21.35
2062,sh601155,新城控股,2022-12-30,462.4,3.68,21.38
2063,sh601155,新城控股,2023-01-03,455.64,3.63,21.07
2064,sh601155,新城控股,2023-01-04,501.2,3.99,23.17
2065,sh601155,新城控股,2023-01-05,504.13,4.01,23.31
2066,sh601155,新城控股,2023-01-06,507.29,4.04,23.46
2067,sh601155,新城控股,2023-01-09,499.85,3.98,23.11
2068,sh601155,新城控股,2023-01-10,502.55,4.0,23.24
2069,sh601155,新城控股,2023-01-11,504.36,4.01,22.36
